Aa-salam Clinic,e1iVoquOKVT,
Abunu Village Clinic,GhLliOHShII,
Achikondi women community ,q9qra0ng8xZ,
Adamson Village Clinic,dEkkb58AfeZ,
Admarc Dispensary,jtid6arDY0M,
Adventist Health Centre,E3kLgwow7On,
African Bible College Health Centre,zYfP0gkHRJH,
Ahi Private Clinic,VoTfUk9ncoD,
Airwing Clinic,V7m6S5TIpqf,
Akasale Pvt Clinic,qNuRHXJ2P3m,
Alinafe Community Hospital,Y46sxDDIkfz,
Alliance One Clinic,wDyK6ODo0vg,
Alumenda Health Centre,NG36oCEzUcC,
Amalika Dispensary,lIGQGBEICWx,
Area 18 Medi Clinic ,sXNwy8bRFub,
Area 18 Urban Health Centre,h2ls2FUTYDc,
Area 25 Banja La Mtsogolo Dispensary,CbwhI6UruPB,
Area 25 Urban Health Centre,mFfOvxjq4y2,
Area 30 Police Clinic,LAO8ozAkDKO,
Atupele Community Hospital,WZ18joAt6xW,
Atupele Village Clinic,MeqllfXjkgu,
Auction Holdings Clinic Kanengo ,RpvcgQPC14I,
Babitoni Village Clinic,cVw4AB1LrEG,
Bakali Village Clinic,pM2zDR7KDXb,
Bakili Village Clinic,Tel5ldiHcz5,
Balaka-DHO,qubeTudDNSC,
Balaka District Hospital,R96XZz9y9Ji,
Balaka Dream Clinic ,aMWj5wusSxW,
Balaka OPD Health Centre,XysHbVxy3XW,
Balakasi Village Clinic,RRQ4donDRkO,
Balakasi Village Clinic (Chiradzulu),zw6LBCPbVl1,
Bala Village Clinic,umSTsF9lJ9O,
Bamusi Village Clinic,Ub6pfrBYPL9,
Bandawe Village Clinic,vF6imtF3NNN,
Bangwe BLM Clinic,xidxjaQqU54,
Bangwe Health Centre,Z4phqEA2Pcr,
Banja La Mtsogolo Mzuzu,Sb8xVmXyL5p,
Basale Village Clinic,mezMjbezHof,
Baula Village Clinic,Q7FRmVnFQFg,
Baylor Childrens Centre Of Excellence In Malawi ,yl49po4W4F7,
Bembeke Health Centre,spQpsut9f1B,
Benga Health Centre,n6UZ8o9yo6L,
Beni Village Clinic,lSXXAkKx8oh,
Bereu Dispensary,FO0kNPmm5E9,
Bethsaida Private Hospital ,zdVWMYRfufn,
Beu Village Clinic,nuroTUq2hh1,
Bifimoni Village Clinic,rKcSSrUSZtb,
Bilal Dispensary,KxcbdpaFBia,
Bile Village Clinic,fWDDXHbjkQU,
Bilira Health Centre,pPHM09AVDAS,
Billy Riordan Memorial Health Clinic,qQOkofJwpxB,
Bimbi Health Centre,gS8A33Rsqjr,
Binali Village Clinic,zIBZjOm3wYq,
Binali Village Clinic (Thuchila),cvgJ950xMKf,
Bingavula Village Clinic,vKLreicVY3b,
Biriwiri Health Centre,K9CYAs4mo5E,
Blantyre Adventist Hospital ,VOnPaWYUVJK,
Blantyre City Assembly Clinic ,kAU4FFex0Pa,
Blantyre Civic Centre Dispensary,PlWhhBj3LXE,
Blantyre-DHO,FEGZA6BEAjj,
Blantyre DHO MOBILE,SSD4mvMj5fu,
Blantyre Dream Project ,BYyTYjcnELU,
Blantyre Water Board Clinic,mHcl2OS43ah,
Blessings Hospital ,Y8mjMFSYoPw,
BLM Family Planning Clinic,oqM5ZFHyymE,
Blm Lunzu ,ILDhbeuLBtX,
Blm Mzimba,eRFNJ66WIWi,
Blm Nkhatabay ,QsSrtfLO11f,
Blm Rumphi ,x8xrWAL5gAZ,
Blm Zomba ,ODxMk91ZMph,
Block F Village Clinic,Owq4OLu6PR9,
Block G Village Clinic,edBExN6cvtU,
Block H Village Clinic,iKtJ8sYpYMN,
Bluegum Village Clinic,sHVFJhQMCiJ,
Bolero Health Centre,Oc3g2Wv2s5M,
Bona Village Clinic,mFU3nMY807V,
Bondo Health Centre,XUpPIr0oxZ5,
Bowe Health Centre,glIscvEdIJz,
Bowe Village Clinic,KJ4wRL11kGT,
Bua Health Center (Nkhotakota),BQ3aLnP32uB,
Bua Health Centre (Kasungu),T118NxiYoIL,
Bugulira Village Clinic,amCAZ86nPEk,
Bula Health Centre,H8jU8sCWscO,
Bulaimu Village Clinic,wOYhXvJhatY,
Bulala Health Centre,hDkZbRiskMg,
Bunda Clinic,sTbvB4c8oX1,
Bupighu Village Clinic,FST4g7Zo116,
Bvumbwe Health Centre,c2h7xIrYLsw,
Bvumbwe-Makungwa Health Centre,q3B88KiRZ72,
Bvumbwe Research Health Centre,rhk8NxfYxDu,
Bwaila Hospital,XtF7Xzv3edv,
Bwalo Village Clinic,zQA8yVN8Gu3,
Bwanje Health Centre,LqUvHvI2ifc,
Bwengu Health Centre,jn7xfbY43dS,
Care Private ClinicAnd Dental Surgery Art,bnjsICNDB9L,
Carlsberg / Sobo ClinicBlantyre ,Lx9CrjbHms2,
Carlsberg / Sobo Clinic Lilongwe ,RgWEk9xdDv2,
Cck Health Clinic & Diagnostic Centre ,peJm0gcxzFw,
Central East African Railways Clinic,LcMpQWnS27k,
Central East Zone,iQx6Edf0Xib,
Central Health Clinic Area 47 ,IFUSwNgJdi7,
Central Hospital,tY7DfIReFcY,
Central West Zone,tmIma8xiccz,
Chabvala Health Centre,grfnmKmWiJ9,
Chabwera Village Clinic,LeOIFTW8XLA,
Chadza Health Centre,cnyjtiMcC1D,
Chagunda,fe9EboFXU0V,
Chakachadza Village Clinic,kdo1e43y3ku,
Chakhaza Health Centre,SL1ePpPFaki,
Chamalaza Village Clinic,VnAgBxp1C7a,
Chamama Health Facility,LmCUb5UShy6,
Chamba Dispensary (Zomba),T9SOI57r1OF,
Chamba Health Centre (Machinga),lNsSSuNKbIP,
Chambe Health Centre,Ln1grpEjzuK,
Chambo Health Centre,h9csPxuoZUo,
Champiti Health Centre,l86AxfTg26J,
Chamwabvi Dispensary,nN7JVSObAf7,
Chancellor College Clinic ,xt7sSjNqHjP,
Chang'ambika Health Centre,Ca0b3h49Loo,
Changata Health Centre,SnNGsSfYB0h,
Changoma Village Clinic,d7jr65K2gqz,
Chankhanga Village Clinic,PKDvqLriSRI,
Chankhungu Health Centre,cZkBc7Ri1HF,
Chanolo Village Clinic,QnEcbI72Mdv,
Chantulo Village Clinic,ZWwTxWK5fmN,
Chapamba Village Clinic,LEb3csD471A,
Chapananga Health Centre,T3V75V8sfxa,
Chapasuka Village Clinic,PQJN3gTI5fe,
Chapola Village Clinic,XQP34NU1cHA,
Chavirwa Village Clinic,xaDbD8Bdpcw,
Cheghama Village Clinic,w3OtbFHjkJc,
Chembe Village Clinic,FqSaqS06ixI,
Chendo Village Clinic,DNFxVqOg558,
Chesamu Health Centre,zxDIIqsUrk8,
Chesese-1 Village Clinic,A4Jd0r2M6sm,
Chezi Dispensary,salIVfMt9RA,
Chiband Village Clinic,S6ukM8xL6e2,
Chibisa Village Clinic,s2vA641Z6Vk,
Chibwalidzo Village Clinic,HwVISDO1WWv,
Chibwana Village Clinic,Qy0Ccfk5VKS,
Chichiri Escom Clinic,uMLl8OkWfHS,
Chichiri Prison,vlYFnmt9KW7,
Chichiri Prison Clinic,UkdRIbdSZw5,
Chididi Health Centre (Nkhotakota),RViCF6QIybs,
Chididi Health Centre (Nsanje),WG3SI4hkJFF,
Chidothi Village Clinic,EpkQSoo4DkZ,
Chifunga Health Centre,pciHYsH4glX,
Chigamba Village Clinc,pyTYNEYERBb,
Chigodi Health Centre,ShsLuR0OWt2,
Chigumula Clinic,Hger69iTvVS,
Chihepusha Village Clinic,fGPh56ExVBp,
Chikadwe Village Clinic,AnrDWFehDAq,
Chikandazovu Village Clinic,h6sdrLC3SXr,
Chikande Health Centre,fmvjc3pgmee,
Chikangawa Health Centre,eEEYKm78UBf,
Chikojo Village Clinic,J9q1EdJsZr7,
Chikole Dispensary,KjntOeutm1x,
Chikowa Health Centre (Blantyre),Keuq4t91SIs,
Chikowa Health Centre (Lilongwe),TJjz5jiFlqF,
Chikuluma Village Clinic,Zo47i5gtc33,
Chikuse Health Centre,Y4kaJs4jbod,
Chikutu Village Clinic,ZFeA0Rd3Tlc,
Chikwakwata Village Clinic,KBE98ME5Ffn,
Chikwapa Village Clinic,PBv9TwCZNUU,
Chikwawa-DHO,GeGgihdOJ2p,
Chikwawa District Hospital,JQw6oDs7C6C,
Chikwaza Village Clinic,SQtRBtMZuPy,
Chikweo Health Centre,teLlh1E6CxB,
Chikwewo Village Clinic,ZZqW7iEE0db,
Chikwina Health Centre,QlnCjd3M0E1,
Chilambwe Health Centre,bNcnSc6bFll,
Chilanga Village Clinic,wwiidMAvULX,
Chilawe Village Clinic,jCTq1P1E0Ki,
Chilawi Village Clinic,D8SDGZlGikH,
Chileka Health Centre,OXaQtzbzMoy,
Chileka Health Centre (Lilongwe),iiBtWzxLMUo,
Chileka Health CentreLilongwe ,s0o7fcIgDh5,
Chileka Sda Health Centre,v0GaaWRKm61,
Chileka Village Clinic,fwXqPC3NKxN,
Chileka Village Clinic,zqlM4L0V0PP,
Chilida Village Clinic,L5PXmL0Fwtl,
Chilingoma Village Clinic,SGFxTl1A7yU,
Chilipa Health Centre (Mangochi),fwUSM7rJllv,
Chilipa Health Centre (Zomba),biJPVK5IRJn,
Chilobwe Majiga Health Centre,Xx5fmiIR0fW,
Chilombo Village Clinic,RQO7aaKHyQs,
Chilomoni BLM Clinic,kdClQ6xlOfO,
Chilomoni Health Centre,DAueKP2YUvT,
Chilonga Health Centre,Px30WvhGQQf,
Chilonga Village Clinic,jS75r1tAj2W,
Chilumba Barracks Health Centre,Z6krawIPDu7,
Chilumba Rural Hospital,uHPXBdcz85N,
Chimaliro Health Centre,WraUiby57xZ,
Chimbalanga Health Centre,JCrM0zdamqT,
Chimbalanga Village Clinic,Gr5IK7T9v1T,
Chimbira Village Clinic,fOiNIx4jogW,
Chimbongondo Village Clinic,h2ovGzQMwfM,
Chimembe Health Centre,ZaZEarjsHQX,
Chimoto Health Centre,VbO2d6WVW6Q,
Chimphinga Village Clinic,qyx18dEMzkR,
Chimvu Health Centre,G5HX22BSHz2,
Chimwala Dispensary,REoFvVbcLG0,
Chimwamkango Dispensary,ZOUGIF58iaF,
Chimwawa Health C,IeJAi0sDcso,
Chimwawa Health Centre,cf695fTZpfo,
Chimwaza Village Clinic,zkCKcsgy1dI,
Chinama Village Clinic,ugLSSkA8WYW,
Chinamwali Private Clinic,alk7M7pmalI,
Chingale Health Centre,o0hXXoxJnMI,
Chingazi Health Centre,mTERmNgVCmE,
Ching'oma Dispensary,AnxpWhqWpXn,
Chinguluwe Health Centre (Ntchisi),Pl1TeNOgCAr,
Chinguluwe Health Centre (Salima),EiQqa3YIjqD,
Chinguwo Village Clinic,OtATaSPGCDd,
Chiniko (Nsoni School) Village Clinic,d3YhZfWcZGw,
Chinkhwiri Health Centre,RTw32nxbRoB,
Chinongo Village Clinic,LBnh8dXX8kY,
Chinthebe Dispensary,P4Z5FpCJ4Ri,
Chintheche Rural Hospital,jkmHTPe5MLQ,
Chinthembwe Health Centre,QZm8o1i8tW4,
Chinyama Health Centre,TxWRIMbBOpS,
Chioko Village Clinic,h61ucWmVBJo,
Chiole Dispensary,jnrlLIULfCR,
Chioshya Health Centre,RNuiMEnAfC1,
Chipho Health Centre,xJQqTtpdsHP,
Chipini Health Centre,imXmafCgb5n,
Chipire Village Clinic,OhbGud5v1Aj,
Chipojola Village Clinic,AAmjpPaiQLM,
Chipoka Health Centre,wrDImy8FHpR,
Chipoka Village Clinic,m6bw5rK36b9,
Chipole Village Clinic,uKrW44UQf6X,
Chiponde Health Centre (Mangochi),VphQvehsaVR,
Chiponde Village Clinic,dcao89CDghq,
Chipoo Village Clinic,eXxfzLe9qjq,
Chipumi Health Centre,eNs19G9xMyc,
Chipwaila Health Centre,pkMXL4XF9ie,
Chipwanya St Josephs Health Centre,WiVCsIgUw2D,
Chipya Village Clinic,WRq2j1U0mxQ,
Chiradzulu-DHO,CTdWtNCPRNh,
Chiradzulu District Hospital,lsrGqZfICKm,
Chirimba Dispensary,tDldFfYwnS1,
Chiringa Dispensary,pmteRCqzbeC,
Chiringa Maternity,sqMFC2sNuGZ,
Chisala Health Centre,QX85XzKEJjg,
Chisansu Village Clinic,EkZLgdzyHCI,
Chisepo Health Centre,pw9cneMv5fA,
Chisi Health Centre,rtb22Ro8Gez,
Chisitu Health Centre,PWPeexIOdmn,
Chisitu Village Clinic,DhtBVPcq03j,
Chisitu Village Clinic (Chitipa DH),qbx8WPVz6ZP,
Chiskombe Village Clinic,htjHvP1ADcn,
Chisoka Health Center,Lb0qop7gLSH,
Chisoka Health Centre,T3MNLfsBtT4,
Chisuwi Village Clinic,CrWZOjdDxzt,
Chitala Health Centre,d92FGpiO9lP,
Chitambi Village Clinic,rAY10YyxT6Q,
Chitambula Village Clinic,hLS3FYxpP7N,
Chitawira Private Hospital ,mTaqm2jDRGp,
Chitedze Health Centre,Xc3odqjv7h0,
Chitekesa Health Centre,u4mqH5iShLL,
Chitera Health Centre,mxsHHN4zZft,
Chitheka Health Centre,Sf6KvkaT3UQ,
Chithumba Maternity,KkApQFpVIaQ,
Chitimba Health Centre,rdHVTY312fc,
Chitimbe Village Clinic,phoeUEZS2Xp,
Chitipa-DHO,cd0I6ndBMrT,
Chitipa District Hospital,qzGX4XdWufs,
Chitokoto A Village Clinic,gK3nbmrNQgn,
Chitowo Health Centre,b3OduOhZKuu,
Chitsimuka Health Centre,AMklHWTt6sX,
Chitungwani Village Clinic,jLJWiXP8QS3,
Chiumba mpasuku Village Clinic,K3w13mfn1bM,
Chiumbangame Dispensary,ybAxvKHkzhK,
Chiunda Dispensary,y87TEluIKWT,
Chiunjiza Health Centre,HTfgCPyMHUx,
Chiuta Village Clinic,eQy4bMlrae7,
Chiuta Village Clinic (Thuchila),DFZSObmelhR,
Chivanga Village Clinic,Db9u19bExk7,
Chiwamba Health Centre,RDvTBoMA8m4,
Chiwangalala Village Clinic,XHXi54pn7rP,
Chiwanga Village Clinic,GDWoFZSeqQR,
Chiwaula Village Clinic,ur69KpKkCy8,
Chiwe Health Centre,vCGIve5RtyE,
Chiwoza Health Centre,ivq1pAeZs5o,
Chiyendausiku Health Centre,HrQHweMv09u,
Chizimu Village Clinic,cAY2PdfuyL2,
Chizolowondo Health Centre,e1HOrMxNhpf,
Chizumulo (St Marys) Health Centre,Kzo3T3VQUwH,
Chizumulo St Marys Health Centre,XXjX57Xslam,
Choma Health Centre,cIJ6LCvgpw0,
Chonde Health Centre,TusMbw27jzb,
Chongoni Health Centre,LkjXIWw5W9v,
Chuba Village Clinic,Lnwosqr0ti9,
Chulu Health Centre,n18VsHigwU8,
Chunyera Village Clinic,RV7WvM5rnEN,
City Assembly Dispensary,cKd7jidUXBo,
City Centre Clinic,lAWnwgQl9RP,
City Clinic Zomba,DMxPrQcg4z4,
Cobbe Barracks Hospital,rzzi29nBvbs,
Comfort Health Centre,JaTdpYBBV5m,
Concerned Youth Organisation,VDu3RkKQEZb,
COPRED,w2BaEat71Qr,
Daeyang Luke Hospital,LKsJWFXsxOB,
Dai Halima (Bangwe Madina),OV47ojciSpV,
Dambe Health Centre,OhKdUBApLZa,
Dedza-DHO,MHcRPWjeguM,
Dedza District Hospital,K5sEB29YW3W,
DGM Livingstonia Hospital,FoWBNiRRWnB,
Diamphwe Health Centre,BWBOtEvaMkr,
Dickson Health Centre,aKJzwDfSJqM,
Didi Health Center,AJu1RgcA1JG,
Didi Health Centre,AkP3EOq0hGk,
Dinji Village Clinic,nUMYyl9glzb,
Discovery Medi Clinic ,saJaR27j6yW,
Doloba Village Clinic,Etw215OUA2j,
Dolo Health Centre,SOwb9qUKJnt,
Domasi Rural Hospital,U0YwDhBOZeY,
Doroba 2 Village Clinic,fwVfyvvyaNL,
Doviko Dispensary,kG4jZtoHH8f,
Dowa-DHO,S4Lr8zJqfHx,
Dowa District Hospital,F4aQvPL4c5a,
Dr David Livingstone Memorial Clinic,KvtV3ZtJGyR,
Dream,xhINxzjVJ0c,
Dr Msachi's Clinic ,O7D48utczxD,
Dunduzu Village Clinic,jnH5vLSVoFV,
Dungulira Village Clinic,sPlC2NMSgIw,
Dwambazi Rural Hospital,GFQSwXAzql8,
Dwangwa Can Growers Limited Clinic,w6VRxc89b5K,
Dwangwa Health Centre,n89uKexauZq,
Dyanyama Village Clinic,g3zhIRgC0vC,
Dzalanyama Dispensary,pveDNK0q3s7,
Dzaleka Refugee Camp Health Centre,b1RogeavIPD,
Dzenje Maternity,nMp06ehwoOX,
Dzenza Health Centre,hpUbeZgjQkx,
Dzindevu Health Centre,QL1C4nvZVLn,
Dziwe Health Centre,hnbxxugq3Ds,
Dzonzi-Mvai Health Centre,fH7hgQtTEvy,
Dzoole Health Centre,lykzV97DJgq,
Dzunje Dispensary,mxlb6XxX6cp,
Edingeni Rural Hospital,gWTmNAQxkV8,
Edundu Village Clinic,VXmUUanSdaT,
Ehehleni Dispensary,RdbkvuyiIKf,
Ehlonipeni Village Clinic,fRvfk1r1T38,
Ejingweni Village Clinic,qN8Y1kIvooP,
Ekhama Village Clinic,xsUULPJUIKP,
Ekwaiweni Dispensary,AlGl0pjBwFS,
Ekwendeni Hospital,jcv5nI6bzTq,
Elamuleni Village Clinic,pCNtvAJGG6B,
Elunyeni Village Clinic,GAehqZMC7Kv,
Emangeni Village Clinic,CJMwlxXLQRC,
Emanyaleni Village Clinic,U5mHbJksAcS,
Embangweni Hospital,ySElKKfe6yc,
Embombeni Village Clinic,JwMTr6qbVTm,
Emfeni Health Centre,ihG7TCzUsYI,
Emoyeni Village Clinic,cACTAgQRept,
Emsizini Health Centre,HFKrnnX40ZR,
Emtiyani Village Clinic,ZjEOEPFvb2a,
Endindeni Health Centre,J3iNTezM5iw,
Engucwini Dispensary,Tt5yMX4YCYJ,
Enukweni Health Centre,nmptn9bUYXv,
Enyezini Village Clinic,RwHjfRJawPk,
Escom Clinic Lilongwe ,ahOuLxBrycV,
Escom Clinic Mzuzu ,xmlMKVGErR7,
Euthini Rural Hospital,a7zgH8mf2GX,
Eva Demaya Centre ,crKYTgv7r7B,
Falls Banja La Mtsogolo Dispensary,vYMYW6T4t1J,
Fikani Village Clinic,lFeE0DZmt8f,
Finiasi Village Clinic,B7b7485R1Iz,
Fombe Village Clinic,EtIaI0JaXBJ,
Fulama Village Clinic,gO1PLtb90oE,
Fulirwa Health Centre,UNLZJ1Nr3sq,
Fundi Village Clinic,fPpzxHIj93A,
Fwira Village Clinic,QpanImNw3kM,
Gaga Health Centre,ilA4dQOCNDP,
Galileya Village Clinic,YIovYMyCQLg,
Ganya Maternity,eWHvY4VmR4R,
Gate way Clinic,rBhHYqxxhyM,
Gawanani Health Centre,GEb1hObhM4q,
Gawani Village Clinic,jOgEQ7WKaT0,
Gika Clinic,VGwB7sXLiHF,
Ginnery Corner BLM,ZatKYtoIX0O,
Gogode Health Centre,HcsIEmls8R2,
Gogo Nazombe health centre,cTMzhKP8OCf,
Gojo Village Clinic,Q7CbNXuvRnb,
Gola Dispensary,u4cfHib3TrT,
Golden Village Clinic,CJt4BXB6WQw,
Golomoti Health Centre,DuvCctg3dhx,
Gombe Health Center,fCCBqUju3Q4,
Gondwa Village Clinic,xTsGAVV01aX,
Good Hope Private Clinic ,Rs15DgnA3YP,
Gowa Health Centre,LDtggHdyRks,
Gowero Village Clinic,qLtQsu49WYn,
Gowoka Village Clinic,OJEJUMf8YgF,
Guilleme St Michaels Health Centre,oT0jXXNSmag,
Guma Village Clinic,ckvLGHNAJSk,
Gumba Dispensary,qUpaRCpnoux,
Guta-Chaleka Village Clinic,ACB54xP9S89,
Gwaza Village Clinic,JP7WAizPEsp,
Hallena Oakely Health Centre,v6gj70cBiQE,
Hara Dispensary,T13U7sHC0v2,
Hoho Health Centre,ypiAvIrP9U6,
Holera Village Clinic,If2ALAf3fA2,
Holy Family Hospital,m03CECb09qZ,
H Parker Sharp Dispensary,KhuXq8PnptT,
Humbo Village Clinic,tqwGzZW2Mtr,
Hunger (majete),HHK489bchmI,
Iba Dispensary,FZw4GOFV5X0,
Ibanda Village Clinic,Z103FDSN7NW,
Ifumbo Health Centre,LLnCuwo5RNG,
Ighembe Village Clinic,XeDKiGzkhB8,
Illovo Factory,qhmT1RSZunv,
Infanjawo Village Clinic,dHeaEl0QWvR,
Ipenza Village Clinic,ppWUv8ZK4NV,
Iponga Health Centre,tyuN9XbfRHQ,
Ipula Village Clinic,GpIMHSPiAQX,
Ipulukutu Village Clinic,Mrxf7y4CnTq,
Issa Village Clinic,bahoAzOGQoc,
Itulo Village Clinic,ycFGaV2jqw4,
Jalamu Village Clinic,IOlwZJMUWQ1,
Jalasi Health Centre,s935PXX4rN2,
Jalawe Health Centre,rWDOWogc1O7,
Jekete Village Clinic,uvqRsGnophD,
Jenda Health Centre,Mf6Xg1PJ7hC,
Jiramu Village Clinic,n1ND94r1TTC,
John Village Clinic,CHchq2Lmf1t,
John Village Clinic (Thuchila),XgnMSiqczZs,
Jombo Village Clinic,lQJwgHv1MIm,
Jti Leaf Clinic Kanengo ,PekPpdgGi9g,
July Village Clinic,OASovg1RSth,
Juma Village Clinic,Vc3EU2LiFHf,
Kabanda Village Clinic,iNCnnwuwf5d,
Kabila Village Clinic,UCiRsRtqgVH,
Kabila Village Clinic,mnfQLonv03f,
Kabudula Rural Hospital,O6y74hiWU9z,
Kabuthu Village Clinic,xeDeui6EO65,
Kabuwa Health Centre,ZDj4Y2Flile,
Kabvalo Village Clinic,gWYY5XDYTL3,
Kabvina Village Clinic,Q3SOVg8UQFt,
Kabwafu Health Centre,sZJvRZgWusR,
Kabwanda Village Clinic,EPl6q5WnWUh,
Kabwatika Village Clinic,gHTsASJk3F8,
Kachale Health Centre,SUO29yrjbH4,
Kacheche Village Clinic,BljOy3rBWmi,
Kachelenga Village Clinic,S64bX5pfg8f,
Kachere Health Centre,veqbrdZo1K1,
Kachere Private Clinic,XyrCQrwYHQt,
Kachindamoto Dispensary,UoujHkWWWBq,
Kachingwe Village Clinic,MyTZSvEfY97,
Kadango Dispensary,IRP5VaILlSr,
Kadidi Dispensary,cLY2A4m8Jn0,
Kafele Health Centre,LGvOkReAslr,
Kafisira Village Clinic,PK8PtQ1L5mo,
Kafukule Health Centre,U0T5lPrgVEY,
Kafulufulu Village Clinic,EcCGfv64yX4,
Kafulu Village Clinic,VJdjNo9VxOb,
Kaiche Village Clinic,w4ntb0dG1GB,
Kaigwazanga Health Centre,fELrRZgvyHN,
Kajawo Village Clinic,arlbXNtIjqm,
Kakoma Health Centre,sYY0PQEhVU1,
Kalambo Village Clinic,jhEFlpjMZwa,
Kalanga Village Clinic,ZPbKbKxHGbf,
Kalanje (St. Theresa) Village Clinic,JW67lV3ycEl,
Kalemba Health Centre,OyDhmxtA7nb,
Kalembo Dispensary,KNQ4RzNnZ6v,
Kalembo Village Clinic,sBVK0qGOfM1,
Kalenga Village Clinic,IsDT5IEF5jG,
Kalikeni Private Clinic ,GcRdYduUYh0,
Kalikumbi Health Centre,ZROS5WSviIN,
Kalimanjira Health Centre,K26cW6KAhFP,
Kalimanjira Village Clinic,naNTLYna1vr,
Kalima Village clinic,mhOEYp1r9pS,
Kalima Village clinic,ZVDxKH11Wpk,
Kalima Village Clinic,ZncuS3YlCAN,
Kalinde Dispensary,uzaw4ubBdwd,
Kalira Village Clinic,B132Qd749sh,
Kaloga Dispensary,uSD7ar5Bu2I,
Kalongolera Village Clinic,jcNv7zrnTGa,
Kalongonda Village Clinic,Hu3Z8wdZ77D,
Kalopa Village Clinic,wjquBxW27zs,
Kalowa Village Clinic,QLOWCM66K6l,
Kalozwa Village Clinic,C0IKQoVS6sO,
Kalulu Health Centre,a8NnsOmXWK7,
"Kalulu Health Centre, Chikwawa ",sXL607jX6A9,
Kaluluma Rural Hospital,BOEaJ4eqVC9,
Kamangazula Village Clinic,Of33FCIJgRG,
Kambali Village Clinic,JwztviW63WD,
Kambenje Health Centre,UzxhcPn4QZG,
Kamboni Health Centre,cez54P9k6OJ,
Kameme Health Centre,gil9su99LXX,
Kampanje Maternity,AzbGHKq4K1A,
Kamphata Dispensary,DzmTX22yCZc,
Kamphyongo Village Clinic,ebOMmbsn1jk,
Kampondo Village Clinic,iVeq1uKB2Iy,
Kamsonga Health Centre,m9IaQF4jaPL,
Kamteteka Health Centre,QM6V7PDrfLM,
Kamuzu Barracks Dispensary,P6q5ZIrXGAM,
Kamuzu Central Hospital,RY0I8Ha0azq,
Kamwe Health Centre,ncumVqRrCMN,
Kamwendo Village Clinic,XAgsEainJF3,
Kande Health Centre,zA0iPC953jV,
Kandeu Dispensary,QIjZYskL19K,
Kandeu Village Clinic,UfuJcVnoztq,
Kandulu Village Clinic,xlUoz4DAn3N,
Kanengo Tobacco Processors Clinic ,PKEeM8l1Sym,
Kangindo Village Clinic,GtibA9eVEHd,
Kangolwa Health Centre,OZNe80Ws0on,
Kang'Oma Health Centre,o1ZjuUmv5aQ,
 Kanjedza Police  Dispensary,Phf46V2Gghq,
Kankao Health Centre,HmTVrgdnucu,
Kantunda Village Clinic,IToZPgn1nl6,
Kanyama Health Centre,UwBTf92fAib,
Kanyenda Village Clinic,EaulAFF82rI,
Kanyenjere Village Clinic,jkyn4E4zypW,
Kanyezi Health Centre,U6sLs3tOzpC,
Kanyimbi Dispensary,AbJbZQt4UJs,
Kanzimbi Village Clinic,gikIwWTkGd9,
Kaombe Dispensary,Qw8SEqwTxHk,
Kaongozi Dispensary,eK4PmFIrpY5,
Kapanga Health Centre,H2ErYfEdioK,
Kapangamawe Village Clinic,Ms2i4VX29bf,
Kapelula Health Centre,dy2GeuSwyIq,
Kapenda Health Centre,NItIjAcYO8y,
Kapeni Dream Centre ,NvxhlNwKlXK,
Kapeni Health Centre,D9w3urb7GKR,
Kapesi Village Clinic,TGiY37qQkWM,
Kaphatenga Health Centre,yM9bkHicOua,
Kaphuka Health Centre,wGMlG6WZZ4q,
Kapichila (ESCOM) Health Centre,xYv4hTyV9mX,
Kapichira Escom Clinic,L05pebPpoWP,
Kapire Dream Centre ,TZ4Ea3gK3yA,
Kapire Health Centre,bOzeauFIWQA,
Kapiri Health Centre,ekYnKIXnPPj,
Kapiri Health Centre (Nkhotakota),sQnNX5Nbvu7,
Kapirimuhoto Village Clinic,OLt9MM0pUBA,
Kaporo Rural Hospital,mqNSnMB7fgW,
Karonga-DHO,WVBSPqTMrPP,
Karonga District Hospital,tjHJZDgKu6q,
Kasalika Dispensary,TrYObnlA8UT,
Kasangamala Village Clinic,GbxpaCLW3IG,
Kasese Health centre,JX6hyvnBrlF,
Kaseye Community Hospital,mTqGek9GBbM,
Kashoni Village Clinic,iFCObubHwhj,
Kasina Health Centre,PCWfXe1C9hK,
Kasinje Health Centre,kW3Ro43YXwB,
Kasinthula Dispensary,QBRXRxcbT0a,
Kasisi Village Clinic,UXOVdlDHxqj,
Kasisi Village Clinic (Kaporo),PZTGvF2GPhc,
Kasitu Dispensary,qX2CrzT4TL1,
Kasoba Health Centre,VDMYQuQPz2N,
Kasuma Village Clinic,oKaxikNAXP3,
Kasungu-DHO,QWwg51OvU0a,
Kasungu District Hospital,wNoaGHOI6Zl,
Kaswiti Village Clinic,E0ht2ErSF1N,
Katawa Dispensary,vvgvKSNrelJ,
Katema Health Centre,gNaXoVYpN1v,
Katete Rural Hospital,YABJoiuXQMB,
Katili Dispensary,nrK4dEVDNdL,
Katimbila Health Centre,Fz0tDlXVsn3,
Katokoli Village Clinic,XJSpyyHsQ5D,
katope Village Clinic,AdcCwiE87ds,
Katowo Rural Hospital,TgIZdG9r95r,
Katsekera Health Centre,Mby0tOuLfvm,
Katula Village Clinic,x0WL4fKolRL,
Katuli Health Centre,fA8higAcbmz,
Kaundu Health Centre,H0sBidyA6PK,
Kavula Village Clinic,wB1Mb36hZVz,
Kavuzi Health Centre,g7LNUVG1pQA,
Kawale Banja La Mtsogolo Dispensary,SnfOrypiyQj,
Kawale Medical Services ,q4n2TvCdd9O,
Kawale Urban Health Centre,d1WQftQ87x3,
Kawale Village Clinic,frshf65D3jI,
Kawamba Health Centre,flfOvLzldtj,
Kawanga Village Clinic,n3wGJ6k9Bj8,
Kaweche Health Centre,BRvHol84T4Q,
Kawelama Village Clinic,PNYfT2uplVs,
Kawinga Dispensary,ozdBwLyST0J,
Kayembe Health Centre,HYqblaD619d,
Kayenda Village Clinic,FbM6eQ6ijLb,
Kayera Village Clinic,eqym2txuoqf,
Kayerekera Village Clinic,kZ3rZ1J4UFk,
Kayombo Village Clinic,ftBZ6ETQENF,
Kayuni-2 Village Clinic,CeqL2oHcG7X,
Kazembe Village Clinic,xDV2h9Axh8h,
Kazguli Village Clinic,KoQII4uTfmZ,
Kazuni School Village Clinic,Sry9iw1MEnp,
Kazyozyo Dispensary,q4bVkSStlsm,
kch Dental Department,VcQaxDFCVSX,
kch Medical Department,g699zwDjYsN,
kch Obs and Gynae Department,fOxzhQuzhf4,
kch Ophthalmology Department,z51sML21fcH,
kch Surgical Department,vmFAlIXd0j1,
Kella Village Clinic,cporXbhXz7R,
Ketwel Chiwinga Village Clinic,A1Z1O8fbdMH,
Khanyanga Village Clinic,UbfmX9e65gJ,
Khanyizira Village Clinic,WDS2L38TzgA,
Khasu Health Centre,y34yv5aEYeA,
khaula Village Clinic,CBRtVvey5yA,
Khola Health Centre,PYQecgNXvAc,
Khombedza Health Centre,XcRAuC6ZPi0,
Khondowe Health Centre,OxWyNMOFrbv,
Khongoni Health Centre,W8j3MAkrJe4,
Khonjeni Health Centre,UkXVvwCLQgO,
Khosolo Health Centre,GVweqBeEYdR,
Khoviwa Village Clinic,MHoXCtC0cuU,
Khuwi Health Centre,RgHJHBTtszj,
Khuyu 1 Village Clinic,oIhYjsLvtjs,
Khuyu 2 Village Clinic,sx2txVrIfeE,
Khuyukuyu Health Centre,q0KYGiBsenN,
Khuzumba Village Clinic,KntIlaOGpP6,
Khwalala Village Clinic,BQfn5HaBnid,
Khwinjiwa Village Clinic,E2ANZs58Zmo,
Kishombe Village Clinic,b8AMoYpapEJ,
Koche Health Centre,O65d1uI6NGP,
Kochilira Rural Hospital,sxgy4P0oUli,
Kombola Village Clinic,ZGn6DKYgzBT,
Kondwani Village Clinic,y6gmJ3aVTHf,
Kubalalika Village Clinic,j4Iz5e3oH50,
Kukalanga Dispensary,QOSmQ9gyzBp,
Kulunda Village Clinic,JUzXoSKp9Mb,
Kundwero Village Clinic,cafCzsbcApa,
Kunenekude Health Centre,tB6qZOxpIwC,
Kusawali Village Clinic,v9CSru2EdnL,
Kuselema Village Clinic,uNZttrXvi1P,
Kutengule Village Clinic,R6wDVWCgwCF,
Kwanda Village Clinic,a64JcsLloDa,
Kwitanda Health Centre,Z8EORvXbL8x,
Lafarge Cement Clinic,JDVeTXJTAq1,
Lake Kazuni Village Clinic,vD9GBlEB137,
Lakeview Health Centre,s0oVNR4X97p,
Lalika Village Clinic,axOC6dT46kJ,
Lambulira Health Centre,fDKWlLdMpdy,
Lemwe Health Centre,HRNjqusGvXx,
Lengwe Dispensary (MoH),nXFq0fzH08I,
Lengwe Illovo (Private),bvTUezQA0ui,
Lifeline Health Centre,IxcEPNvhmZx,
Lifuwu Dispensary,BFn8OYQ5lyA,
Ligejo Village Clinic,jhgYkrmjquO,
Lighthouse KCH,kR3EKghUNys,
Ligowe Dispensary,gA0WGnhCnYt,
Likangala Health Centre,LBeMMNRQSoU,
Likhala Village Clinic,ndRLJ7Tx7Vy,
Likoloma Village Clinic,je3RmKa7fks,
Likoma-DHO,F2sNoOfO4u3,
Likovo Village Clinic,xGfXdneMTOn,
Likulungwa Village Clinic,SD0frbEChr5,
Likuni Hospital,JquLSZgkHQ8,
Lilongwe Central Hospital,cFiiWO0mSVO,
Lilongwe City Assembly Chinsapo ,m6bNWBsRDsi,
Lilongwe-DHO,MDkBXGJ5CyR,
Lilongwe Health Clinic ,WgW57Jmd2oN,
Lilongwe Private Clinic ,oBjbSOYLYR5,
Limbe Diagnostic Centre ,VDhjuZZi4GG,
Limbe Health Centre,KVxcc4baK2p,
Limbe Leaf Tobacco Clinic Lilongwe ,IEPmsKQJaGW,
Limbe Leaf Tobacco ClinicLimbe ,inRBKdag7Vs,
Limbe MASM Clinic,oLKSaQ4gqL5,
Lingadzi Private Clinic ,no3kcRH6rEJ,
Lingamasa Village Clinic,Ysp4Wii6HL3,
Linyangwa Health Centre,z9yDHU0ZYQd,
Lipuluma Village Clinic,PnoJIh1BU0R,
Lirangwe Health Centre,ZUMSlT5ZDCE,
Listone Village Clinic,GlX2rDC52b6,
Lisungwi Health Centre,jBJ1nrUXKIu,
Liuzi Health Centre,HYxgXNwy8Wn,
Liveya Village Clinic,XIfIeL8JBCy,
Livwezi Health Centre,p4eKC1ZsXQ4,
Liwaladzi Health Centre,TwUljmbTv4b,
Liwonde Medical Clinic,pri4uEfpoMg,
Lizulu Health Centre,yZVsJTXGxyZ,
Lobi Health Centre,yEDgnTigUVO,
Lodjwa Health Centre,MrIB1LvLmRs,
Luangwa Village Clinic,RWLE1swG2sP,
Luchichi Village Clinic,smKmwXloG0c,
Ludzi St Josephs Health Centre,L42aUTBuigK,
Lufiyira Village Clinic,rzejoXQPemX,
Lughali-A Village Clinic,fnDqSVLveEC,
Lugola Health Centre,AcMkv28WWEO,
Luhomero Village Clinic,I4hllFcLQGp,
Lujeri Health Centre,QmGoFNWfUFa,
Lulanga Health Centre,iIwqmezZ9rs,
Lulwe Health Centre,ftIjkXg1oCr,
Lumbadzi Health Centre,UrNi47KXEKp,
Lundu Health Centre,j94m3pNGJLw,
Lungu Private Clinic,nF4bckRFYqv,
Lungwena Health Centre,VdDtiG3fZ9A,
Lunjika Health Centre,ssMcu8y2Kf3,
Lunzu BLM,kcbyRaflph0,
Lupaso Village Clinic,e6kXFIMFkWW,
Lupembe Health Centre,haaT3dJc33b,
Lura Health Centre,E1n8QFnk7M2,
Lusangazi 2 Village Clinic,NjE9Sa0wHXq,
Lusangazi Dispensary,npu0OQlvf8P,
Lutheran Mobile Clinic,NIkvOFVUcr0,
Luvwere Dispensary,qY3GH22ifOb,
Luwalika Health Centre,qBxArP5yT1I,
Luwani Health Centre,y3FF95NnZzl,
Luwawa Health Centre,qRO40W7cmWx,
Luwerezi Health Centre,upbCscjsSDs,
Luwuchi Health Centre,Ie6bXE64qOA,
Luzi Health Centre,p9HxhQYtEuW,
Lwazi Health Centre,h7qFHIsVs04,
Lwezga Health Centre,eXttdubBDLr,
Mabili Health Centre,vv5AP3nMhAz,
Machakwani Village Clinic,aPOCK64FPOS,
Macheka Village Clinic,G0Njximko4A,
Machinga-DHO,o7sh3DOqth2,
Machinga District Hospital,HN3xPrwEli4,
Machinga Health Centre,cYYZv88xBL6,
Machinjiri Health Centre,LtrODoKSSgr,
Macholowe Village Clinic,CsoRg5dT0IQ,
Macro Blantyre ,ZZNgP1RcC8H,
Macro Lilongwe ,dLEhItCFbai,
Macro Mzuzu ,n6SrNst4ONq,
Madede Health Centre,p3frzwQQnXF,
Madimba Village Clinic,qxDe2YLL4g4,
Madise1 Village Clinic,Wfsmdgtmeh0,
Madisi Hospital,g9wv1lKcdzp,
Madunda Village Clinic,HbaW6sJGdLS,
Madziabango Health Centre,JA9Ekal0Y2p,
Maera Health Centre,gSVQoPw8dRz,
Maero Village Clinic,HrJwBB01LoX,
Mafco Health Centre,ael27YuIvji,
Mafisi clinic,N2OEuMkn2z4,
Maganga Health Centre,NPgTh8ar7Rg,
Maganga Village Clinic,iLPH3rcvtCK,
Magareta Health Centre,NFqFeBSH2Re,
Magombo Village Clinic,xhx2nEG8sJt,
Magomero Health Centre,MfSWVpArbHS,
Magongwe Village Clinic,LUwr1KQENn0,
Mahowe Village Clinic,uIW9mPcfasI,
Mahowoke Village Clinic,magQcli0qKc,
Maiwa(Masala) Village Clinic,NCh7iPgxIeX,
Majandulo Village Clinic,LZYPmUAQPAV,
Majawa Village Cinic,DruiYdlLCJY,
Majawa Village Clinic,kL26YYNGL1R,
 Makadam Pvt Clinic,jpKor9OWp56,
Makaka Village Clinic,y9eub2e8FDW,
Makala Village Clinic,MVjHPzOj6nW,
Makande Village Clinic,XGQOBL5JT5f,
Makangere Village Clinic,dLODTDW4WYn,
Makanjira Health Centre,ogCJRAEA06f,
Makapwa Health Centre,a6SFNf7F567,
Makata Dispensary,eZfOjVQcd0e,
Makeye Village Clinic,QhTiACOv5tV,
Makhaliha Village Clinic,mpBLZF2StCb,
Makhanga Health Centre,TRDY52stPkd,
Makhetha Dispensary,tCNxro4FiTA,
Makhote Village Clinic,ubvpwsHfXVj,
Makhula Village Clinic,IMtasSW8YmA,
Makhwira Health Centre,fmm167XcK2T,
Makiyoni Health Centre,H37Fo6H2Roi,
Makuluni Village Clinic,gIHM5ZjACf8,
Makunula Village Clinic,kpyyAsHSZu0,
Makwangwala Village Clinic,EADHhrxjfEn,
Makwapala Health Centre,ctDR10R37Rw,
Makwasa Estate Clinic,joh9QZI3a96,
Makwete Village Clinic,a31qISs5ie9,
Malabada Health Centre,SsBkD3XDOD7,
Malambo Health Centre,kcEdNoW9QOb,
Malamulo Day Clinic,MFvBkN5jzRF,
Malamulo Hospital,UKeSrLQeuCm,
Malawi Army Marine Camp Hospital ,Q7j0Yk4fDmo,
Malaya Village Clinic,m7Z0DKcI6Or,
Maldeco Fisheries Clinic,fCSQlctoCLr,
Malekano Village Clinic,iv5MkX2NjPE,
Malembo Health Centre,UKbySUaELNM,
Malembo Health Centre (Lilongwe),tOaGG2xPLDm,
Malemia Village Clinic,Jo9SBwLKJaG,
Malenga Village Clinic,dUAUFjJONWF,
Malidadi Health Centre,BvmZAEbFgHw,
Malinga Village Clinic,iBFG31DMfIt,
Malingunde Health Centre,lP4THWArWA7,
Malivenji Village Clinic,pSp750uFnqa,
Malmed Private Clinic,obDGwQJFj5d,
Malombe Dispensary,n9kEwAvGSIu,
Malomo Health Centre,mxfexio2lQ4,
Malopa Village Clinic,VlgjW4zBqH0,
Malopa Village Clinic,JKM2UnjrY6A,
Malowa Health Centre,rKEqKuoGeKQ,
Maloya DAPP Village Clinic,w7lqoDMA2hl,
Malukula Health Centre,dOgr5wPfLaq,
Malukwa Village Clinic,V9ynGTiolx3,
Malundani Village Clinic,zz8FkNjixer,
Maluwa Health Centre,LL3TLeE40xi,
Mama Khadija Private ClinicNamwera ,xdPgIAQLQ6L,
Mamela Village Clinic,UNjqk8NrxGU,
Mandrade Village Clinic,bKNrJ1VOR6Q,
Mandula Village Clinic,bCA1qiJt5bK,
Mangamba Health Centre,zt2Jzw6wUcc,
Mangochi-DHO,RBK39eC5LuY,
Mangochi District Hospital,vGbcjNT1TSJ,
Mangombera Village Clinic,fgUKURtKDWo,
Mangulenje Health Centre,GPslmIQyIyJ,
Mangunda Health Centre,jkGTBAmFE1b,
Maning'a Village Clinic,aQbcloF1XZI,
Manja Village Clinic,VIrmI1SNNdR,
Manjawira Maternity,FPDJqyOOb4I,
Manjawira Village Clinic,jXaKvD21sK9,
Manjolo Village Clinic,IHgq4w3EgWO,
Manolo Health Center,YpAyWUsXP6l,
Manolo Village Clinic,ebmwJqS3eJc,
Manyamba Village Clinic,guUmhHhX30a,
Manyamula Health Centre,nDmSqHjGoHc,
Maonde Health Centre,YK6aK071R8v,
Mapalo Village Clinic,ZvMmBeVW7Pc,
Mapanga Health Center,XrE6S137IUq,
Mapata Village Clinic,QZ5oeyehUpb,
Mapeleka Village Clinic,Mf49uQCAMgw,
Maperera Health Centre,NlBOlQkhfk5,
Mapeto DWS Clinic,ACgUJlruIQT,
Mapwa Village Clinic,CPU8l2RygQH,
Marabvi Health Centre,GDO5TltYc4b,
Maravi Health Centre,Ljx0uViQtRg,
Mars Clinic ,z5QhXToeTgs,
Masambuka Village Clinic,pwnMwTD5mdk,
Masasa Dispensary,oAX2IuKUC7A,
Mase Health Centre,c8uCPvKeeEM,
Masenjere Health Centre,hj7sZWYuxTM,
Masepula Village Clinic,qIi7bAQbSQH,
Masinde Village Clinic,gvOwthLaIiE,
Masito Village Clinic,sIxYRE4IVmV,
Masm Area 43 ,tqyiGsEE1FJ,
Masm Medi Clinic,LLrZXqItgML,
Masm Medi Clinic Katoto ,CwXx44tbXVF,
Masm Medi Clinic Lilongwe ,g9sKqV981QU,
Masm Medi ClinicLimbe ,GQGxBnLrP91,
Maso Afwire Village Clinic,uNeCp59hA7A,
Matanda Health Centre,iVOnl6X10Ym,
Matandani Health Centre,JKAFWLrwdji,
Matapila Health Centre,nyBn1aFSTnl,
Matawale Urban Health Centre,yREVcFcXe3h,
Matchumi Village Clinic,ynL4TzlTgQO,
Matembwera Village Clinic,cXhKNXcL0jS,
Matenje Village Clinic,ZwEk1WPSmEP,
Matiki Health Centre,bfDs0dTM81U,
Matimati Village Clinic,L13iUx6Kllq,
Matinkhula Village Clinic,HKFUejYFRLx,
Matiya Health Centre,omQ3TWOHcDR,
Matope Health Centre,GjNQ12Y2l0F,
Matope Village Clinic,vpbiIZGoXB9,
Matowe Village Clinic,WPgaLdO7vj5,
Matuli Dispensary,WIiA3ENQI5A,
Matumba Health Centre,I5QjWlvvwsI,
Matuwisa Village Clinic,qCThowJNcuT,
Matwika Village Clinic,f4CfWYLFE8B,
Maulana Village Clinic,ojvsNVIIJZ4,
Maula Prison Health Centre Static Art,sPwxCzvUtia,
Mauwa Health Centre,F6BWHBSv59O,
Mauwa Maternity,BU12lO6ynbT,
Mauwa Village Clinic,P2fJypyEV2Y,
Mawende Village Clinic,EgAuzmZlwgw,
Mawimba Village Clinic,aV1qXQrNtXM,
Mayaka Health Centre,JQgSk2DFvqZ,
Mayani Health Centre,U3ExHCyHDEZ,
Mayoka Village Clinic,geiepcnJOii,
Mayula Village Clinic,v2jnj5VsEkk,
Mazabuka Medical Centre ,DbMbDgGQzLw,
Maziko Private Clinic ,zR84MQKJlj4,
Mbabvi Health Centre,rwyqKbu6sVj,
Mbalachanda Health Centre,aLanDLYSxOP,
Mbalanguzi Dispensary,gRtggG07luV,
Mbalika Village Clinic,zKcuiFkZ2xw,
Mbalwe Village Clinic,kvTG5PQmNQq,
Mbamba Village Clinic,R1sTgilG2ru,
Mbang'ombe 1 Health Centre,AsETHxlmpIL,
Mbang'ombe 2 Health Centre,rX8JkNx4U0A,
Mbayani Health Center,ojywW0LnOe6,
Mbendera Village Clinic,GmsQce6LJI2,
Mbenje Health Centre,GMxiZxppgwD,
Mbera Health Centre,vHwtNk0Bvmi,
Mbewa Village Clinic,HDonYFcHvZp,
Mbeya Village Clinic,lETGdsGPVp4,
Mbindula Village Clinic,dS2Fuky9f25,
Mbingwa Health Centre,rpW9v5wCsE6,
Mbiza Health Centre,dmGyp0vetoz,
Mbonechera Health Centre,iTzui2UcI8o,
Mbongondo Village Clinic,E7lsUOVu2mK,
Mbula Village Clinic,USklDH2OPJC,
Mbulumbudzi Health Centre,SrQ8y7MhCE6,
Mbulumbudzi Maternity,ERVjuHPNT3l,
Mbuna Village Clinic,zPDPfAFB9wi,
Mbunda Village Clinic,kdsZCIKj2Tr,
Mbunumbu Village Clinic,etD7ufeXtjt,
Mbwatalika Health Centre,KRmwm560Ldo,
Mbweso Village Clinic,MCyt0kZZoZp,
Mbyelima Village Clinic,Kby9J6G9PBl,
Mchacha Dispensary,dttzdNvXHa5,
Mchima Clinic,HC3bsEmqOGP,
Mchinji-DHO,UeDRejssxJd,
Mchinji District Hospital,dFFBYFnomxH,
Mchocholo Village Clinic,WmzHsI8NWKW,
Mchoka Health Centre,c6WcEY1TXnq,
Mc Quire Wellness Health Centre,cPOF4KdmFAR,
Mdeka Health Centre,fQCAaNl0UMA,
Mdeza Dispensary,jJwUNjSxgTS,
MDF Secondary School Clinic,ECwzZkt3Rop,
Mdoka Village Clinic,HfMz0FhHqPK,
Mdunga Heallth Centre,H3xKaK0d3or,
Melele Village Clinic,O8uDi0zSLC9,
Mesiya Village Clinic,k9EjtcgRs3Q,
Mfera Health Centre,gMuqGSS8knm,
Mgabe Village Clinic,KsY8t7UTkVq,
Mganja Maternity,qb1Mj9bHSca,
Mgwira Village Clinic,NwXrbcehlci,
Mhalaunda Health Centre,inDCxEh9onL,
Mhuju Rural Hospital,QrpvZldV7rA,
Mianga estate clinic,oXXbb8WAC4h,
Michenga Village Clinic,C2olhDycqu6,
Michongwe Village Clinic,YiHkStkoOdP,
Midzemba Dispensary,zq5yo5iRvsL,
Migowi Health Centre,PHIvzmuxq0q,
Mikolongwe Health Centre,ZEhFEU99s7M,
Mikondo Dispensary,fQgxgDx2iHA,
Mikundi Health Centre,rAdbHKHrveg,
Milaza Village Clinic,NPYjPg6UHyV,
Milepa Health Centre,MH3qGNRGA9d,
Milima Village Clinic,dp4yoYbgnfM,
Milonde Health Centre,C3eAtbe8AQW,
Mimosa Dispensary,YOhdb5QWf3k,
Ming'Ongo Health Centre,MCQRoU5bKZ7,
Mingwa Village Clinic,bmsP6codC00,
Misamvu Dispensary,YDYPFwMDHNj,
Misewe Village Clinic,SZ98Q8We0pX,
Misikizi Village Clinic,IjOVDtPQiOU,
Misolo Village Clinic,WqCECpYBiFq,
Misomali Health Centre,WPueOTAiLN1,
Misomali Village Clinic,HGaFjgADAnL,
Misuku Health Centre,XnBB0NztocS,
Mitole Village Clinic,mpKCs1TAhut,
Mitole Village Clinic (Chiradzulu),L7otDejSOih,
Mitondo Village Clinic,dXwG8kfrVPs,
Mitsidi Dispensary,xEhYcXNLUVr,
Mitundu Rural Hospital,aVmCsQGN0r1,
Miyano Village Clinic,ZMHO0VAU9TC,
Miyombo Village Clinic,DF6TaDxFLEg,
Mjatu Village Clinic,Fts5Qbpq93s,
Mjini Dispensary,QRur3iZGQxE,
Mjojo Village Clinic,Xhot4Os0jP5,
Mkakatavu Village Clinic,V50N3cuOLIV,
Mkambiri Village Clinic,YK1VhmVCKHq,
Mkana Village Clinic,bYaWmsNQCvK,
Mkanda Health Centre,FexDaTn0HFG,
Mkanda Village Clinic,eIyiPbF8bac,
Mkanga Village Clinic,L9AewaGe9YP,
Mkango Dispensary,je3gS5u3q51,
Mkhota R Growth Health Centre,F17kSj3t4iD,
Mkhuzi Health Centre,K4fSBUiEBEX,
Mkhwayi Health Centre,tRNfX43j5Mv,
Mkoma Health Centre,y1zhkY1SAE9,
Mkulumba Village Clinic,yZZcFewQ6IG,
Mkumaniza Health Centre,bwhjLosc8k8,
Mkumba Health Centre,XQ14A9f2j8N,
Mkundi Village Clinic,oXGfxjKplLk,
Mkungwi Village Clinic,qldAEiOMHZe,
Mkwapatira Village Clinic,lv7qMxE69BB,
Mkwasowanjovu Village Clinic,p5LgwsDa85g,
Mkwepere Health Centre,RQYBvIXGsDY,
Mkwinda Village Clinic,pm0kXVrLBCt,
Mlale Hospital,vlaK6dtRhxj,
Mlambe Hospital,cmCppSqIlzN,
Mlanda Health Centre,IvqvjIvVBaK,
Mlangali Dispensary,a6eACcAs40A,
Mlangeni Health Centre,ONmU8CWhzv9,
Mlangeni Police Health Centre,ObGhlP39lGg,
Mlare Dispensary,o9B8rTitcGn,
Mlatha Village Clinic,SIboSRwBeap,
Mlele Village Clinic,dNNwpoeMtPT,
Mlirasambo Village Clinic,HzOTgkWVHyH,
Mlodza SDA Dispensary,HYVLnrx75IO,
Mlolera Womens Clinic ,ElXrgGgPfvw,
Mlolo Dispensary,SlyRIl4cwOF,
Mlomba Health Centre,OUiAuB0Uc7D,
Mlonda Village Clinic,KBWBdGalIQF,
Mlowe Health Centre,GSQ5TnX3yuJ,
M'mambo Heaith Centre,PFhr83vxGgZ,
Mmotola Village Clinic,gR56betuqJL,
Mmwenye Village Clinic,bhueCq34T6C,
Mnenso Village Clinic,sYJh1sTvInJ,
Mnessa Village Clinic,bygXGRsbSMz,
Mnyanja Health Centre,mwyB6seePPU,
MOH MALAWI Govt,lZsCb6y0KDX,
Mokowa Village Clinic,QKPdp8UUDaL,
Mombwe Village Clinic,UXNifOPsd3w,
Mongola Village Clinic,zAo5PLlOFIC,
Mongola Village Clinic (MJ),eigDE8F81L9,
Monkey-Bay Community Hospital,rJjuBGDDPrG,
Morgeni Village Clinic,QH2NG7JkZ0d,
Moto Village Clinic,OFG9ZxRg2aS,
Moyale Barracks Health Centre ,S9XMFfakFVw,
Moyo Wanga Pvt clinic,LGJ7Iyq5M8U,
Mpakaka Village Clinic,IMhTI7RfDQA,
Mpala Health Centre,w8qa58C9FGk,
Mpalangwazi Village Clinic,UgKJHXVcnx8,
Mpamantha Health Centre,YEVlg1UBA5H,
Mpamba Health Centre,cHhZC34cSCl,
Mpango Village Clinic,vWQODDAyvhI,
Mpasa Health Centre,Kxv4oNJw7DU,
Mpasuka Village Clinic,RtBC9IOtS4A,
Mpata Health Centre,n7QRqzjmhbr,
Mpata Village Clinic,h5RWmcJjOYR,
Mpemba Health Centre,d9yZ10QgeOl,
Mpepa / Chisinga Health Centre,GJhhq8K1EBF,
Mpezeni Village Clinic,VuGb6bqbRcT,
Mphathi Health Centre,KCFtEvMrZ3Z,
Mphedza Village Clinic,WetNoRjbZPQ,
Mphepozinai Dispensary,D2lOPiKippv,
Mpherembe Health Centre,XazLGbIHFsc,
Mpheta Village Clinic,qsrkFHuPdT5,
Mphika Village Clinic,FcV99v2vpIa,
Mphinga Village Clinic ,Bnc9Phkk4HP,
Mphopha Health Centre,hS2sYnTQbU3,
Mphunzi Health Centre,eXOvuYIG9YP,
Mphwanye Village Clinic,XLjHk1iQiRF,
Mpinganjira Village Cinic,L0Dm2oQwRll,
Mpingo Health Centre,WaVNBxhEraz,
Mpira Village Clinic,pWCg0gVyE5l,
Mpira Village Clinic,laoRrOSXSLZ,
Mpiri Health Centre,rl3pWoEjBn3,
Mpita Village Clinic,yJ8fJ1Nd0gV,
Mpitirira Village Clinic,lFPvmRMXnak,
Mpondasi Health Centre,AUDheLXTT2U,
Mponda Village Clinic,IypKIMBC4Vy,
Mponde Village Clinic,O5FYCSODym2,
Mponela Rural Hospital,ueVjB10KIyz,
Mposa Health Centre,tLsbScHkeRF,
Mpuchila Village Clinic,cR6dWoO5mpS,
Mpunga Village Clinic,pffMZEnDsVu,
Msakambewa Health Centre,jgFPtgYE3C8,
Msaka Village Clinic,gWefI65TqN8,
Msangano Village Clinic,O5bDyXEc48z,
Mseche Clinic,kEalcH7WPX0,
Msenjere Health Centre,dE9wie8cYJB,
Msese Health Centre,Um1JMpMYGpE,
Msikinya Village Clinic,kwZKH7sGIjw,
Msoma Village Clinic,na0XF1tKh9A,
Msomera Village Clinic,U3qO3Y51hIP,
Msomo Village Clinic,FX50Kzb6WRX,
Msumbe Dispensary,hLuqNN1enth,
Msusa Village Clinic,YMXwLigzxl4,
Mswelo Village Clinic,d0EnNLmFDz8,
Msweru Village Clinic,rOAxdTyPsHK,
Mtakataka Health Centre,wtmWonh9GZt,
Mtakataka Police Health Centre,Fo4Nu1Khoqq,
Mtaka Village Clinic,o37YeeLiHCe,
Mtamila Village Clinic,spaVFX33X9l,
Mtekera Village Clinic,YgeGHDjqvz8,
Mtende Health Centre,o0hX9ak46oU,
Mtendere Health Centre,r0KnLCBcTr3,
Mtendere Village Clinic,RGFutNUAfKw,
Mtendere Village Clinic,u5pqIEZqXRo,
Mtende Village Clinic,sFw6BAQA5KM,
Mtengoumodzi Private Hospital ,P4mpxuxgOZW,
Mtengowanthenga Dream Project ,HkbvKBQFM6B,
Mtengowanthenga Hospital,s79dCXbcoCA,
Mtenthera Health Centre,TIa8uoFjhcd,
Mthibwilibwi Village Clinic,aV8EBOMOPpO,
Mtimabii Health Centre,U0L0TzkTg4Y,
Mtiya Village Clinic,UdTVG4Bz2cV,
Mtombosola  Village Clinic,g2QX8Ax0XhR,
Mtonda Health Centre,PxcYX4fmgXB,
Mtonda Village Clinic,UtJAMuFQ4bJ,
Mtosa Health Centre,tlqs0jOTw9o,
Mtumbula Village Clinic,pQKRSVIJb2q,
Mtundula Village Clinic,HJkkftA7pgQ,
Mtungwi Village Clinic,KH8dB7pNLig,
Mtunthama Health Centre,PbfmrMdVBs3,
Mtupa Village Clinic,MyzaPSmxMCp,
Mtupa Village Clinic,sDMOJOuY4Ue,
Mtwalo Health Centre,JeL4xvlOwsv,
Mua Health Centre,CpJKFMjPNUc,
Mua Mission Hospital,niNbaFnNCgp,
Muchembo Village Clinic,FGdyact0qte,
Muhiyo Village Clinic,HWxtneYfcnc,
Muhowa Village Clinic,IOlZY57upTk,
Mujenjere Village Clinic,ng4BWdCST77,
Mulanje-DHO,rUBJcTYUnAE,
Mulanje District Hospital,Nepy3vH3e6g,
Mulanje Mission Hospital,MKIDkeCfVCc,
Mulembe Village Clinic,ncKg2M2bIHm,
Mulera Village Clinic,znoJ0MIjbEo,
Muliba Village Clinic,vjm3DKQxWo5,
Mulibwanji Hospital,GjCDed8EK8B,
Mulima Village Clinic,ogLFUTkNIpI,
Muliya Village Clinic,n1MVeTLUZun,
Mulomba Health Centre,ijqBzVGbncx,
Mulongoti Village clinic,qCuNp43GTiq,
Muloza Health Centre,P5U57FLrPxL,
Muluma Dispensary,jHjfJQsvt47,
Mulungu Alinafe Health Centre,YpOsxnyWD67,
Muluzi Barracks Clinic,lOis6dAt7D0,
Mulyabweka Village Clinic,Xq1wXIGqxif,
Mumbwe Medical Centre ,atRsAeYj8bo,
Murewane Village Clinic,NiEODgoC7il,
Mussa Village Clinic,pJCI5d8PSMg,
Muyambutsa Village Clinic,WDxgQ5zkMf1,
Muyaya Village Clinic,qPEB7J65BhW,
Muyobe Village Clinic,PttY7gISAVG,
Muzombwe Village Clinic,WFVggxeZMnt,
Mvera MDF Health Centre,aockNsOfjIt,
Mvera Mission Health Centre,QKnbzIuwFb6,
Mwachira Private Clinic,f2PAHAHGZS4,
Mwahiwe Village Clinic,TxdhkB1ldQk,
Mwaiwathu Private Hospital ,YGIGbwqnA9M,
Mwakalomba Village Clinic,tFknsTrhnZM,
Mwala Village Clinic,qvtfWTJCCCV,
Mwalembe Village Clinic,pYVuqAlnwkH,
Mwambeta Village Clinic,gtBBEcJ0nWE,
Mwamutawali Village Clinic,yJLniBNrvoC,
Mwananjobvu Village Clinic,aDSJOvHr1pJ,
Mwanbuli Village Clinic,WQTQb1FBK26,
Mwandama Health Centre,jyoWzEvm0XC,
Mwandenga Village Clinic,IzB8NDt5VLS,
Mwanga Health Centre,Js5P9ZU5K6r,
Mwangala Health Centre,ZctUHvWm292,
Mwangamila Village Clinic,nGPT5TwDBAb,
Mwangomba Village Clinic,r1rE0Gt0tod,
Mwansambo Rural Hospital,Rf1rrKDqc9l,
Mwanyesha-1 Village Clinic,N1pwYzCXeEy,
Mwanyesha-3 Village Clinic,bC7h7p8jBn3,
Mwanyongo Village Clinic,S2KFeXZ1kga,
Mwanza ClinicArea 3 ,dviOrlXivOL,
Mwanza-DHO,VbGP71DRL3K,
Mwanza District Hospital,ojR8a0Xu9A3,
Mwatakata Village Clinic,vko5xPu4UlG,
Mwawa Village Clinic,iM5F4D3aOtJ,
Mwayi Private,i14i0hgyT2B,
Mwazisi Health Centre,JeN3ydrU4lR,
Mwenelupembe-1 Village Clinic,oaKcRmE4TVX,
Mwenetanga Village Clinic,ZLEVDndvg8Y,
Mwenitete Village Clinic,zqNjA270Ubq,
Mwenje Village Clinic,OIu1JURaGkq,
Mwesha Village clinic,pIL781rs0rH,
Mwineya Village Clinic,YHkYU5Ax16Y,
Mwinyere Village Clinic,KHRD0520nrH,
Mwitiya Village Clinic,UQvzJK1nCjQ,
Mwitunji Village Clinic,DWvZrK0SJCw,
Mzalangwe Health Centre,tca66OfpOph,
Mzambazi Rural Hospital,L0obMixrYsw,
Mzandu Health Centre,zbzy1EAHemL,
Mzenga Health Centre,DCafjM4Ew3G,
Mzimba,bVY4PcjsciS,
Mzimba District Hospital,H58PMzo9Xii,
Mzimba-North-DHO,ZMhvihfvanx,
Mzimba-South-DHO,PoWQdy5S9Xi,
Mziza Health Centre ,GaqkYT3AgFn,
Mzokoto Health Centre,bYR9HESsWKd,
Mzuzu Central Hospital,EQg6N2v2TXj,
Mzuzu Central Prison ,eywf2mgdPPI,
Mzuzu University Clinic ,rHtjCrmXd7e,
Mzuzu Urban Health Centre,cQ41y2ym2RV,
Naching'anda Village Clinic,UaJBdkc3kFC,
Nachipangapanga Village Clinic,e6pAl8LD6C8,
Nafisi Village Clinic,C45SuWb4XVI,
Nainunje Health Centre,UlGsSjoERdc,
Naisi Health Centre,ncRCRH1homB,
Nakalanzi Health Centre,yRUuIksTiLm,
Nakasale Village Clinic,oJo3X5Xg8yc,
Nalikata Village Clinic,hfJePpvbwvC,
Nalunga Health Centre,jcUguNrYDmp,
Nalungu Village Clinic,EfBsDtgeUIx,
Naluwadi Village Clinic,NAwXKxs0NoQ,
Namadidi Dispensary,bHXisKRaXOR,
Namadzi Health Centre,bthDRjgyzgo,
Namagondwa Village Clinic,jWGPJIcJCGG,
Namainja Village Clinic,QYrhf4YFjgw,
Namalaka Health Centre,JRwvE3EiDuo,
Namaluwo Village Clinic,OKzF2xgsRtX,
Namandanje Health Centre,KEPMWjMdxDG,
Namanja Health Centre,XG7w56VzqMn,
Namanolo Health Centre,spgBSrohYPo,
Namanolo Village Clinic,RqEMScqaVPz,
Namasalima Health Centre (Mulanje),asiPyqS8rHs,
Namasalima Health Centre (Zomba),mR7n2aiuf2m,
Namatubi Village Clinic,GQ9KQzbW7MJ,
Nambazo Health Centre,AyarnjnokWg,
Nambiti II Health Centre,FIHIYv39yqU,
Nambuma Health Centre,qlkyWX9EEaw,
Namikango Health Centre,AWytIG2qdwP,
Namikoko Dispensary,sTjTxJqSCWE,
Naming'omba estate clinic,VLJsrQrzivg,
Namisu Dispensary,zgQjvfvY38A,
Namitambo Health Centre,TArV024FtcH,
Namitupa Village Clinic,MgDIFN3eHo9,
Namizana Dispensary,OAXUYKyVuIz,
Namonde Village Clinic,fNkitVwzOR7,
Nampapi Village Clinic,A91qjejXaBH,
Nampeya Village Clinic,JrbmvnaQ81B,
Namphungo Health Centre,PxkHQqgxweP,
Namuchese Village Clinic,mE7F4ZSRELL,
Namulenga Health Centre,uLVlUIL4rlD,
Namwera Health Centre,SjXKV0RvdBG,
Nancholi Dispensary,Q90Za7zl8zB,
Nande Village Clinic,z2EVIOwVnm2,
Nandumbo Health Centre,tVpkUqyzg60,
Nangalamu Health Centre,xSi6MZN3hAK,
Nankati Village Clinic,IGhXrqBRMyG,
Nankhwali Health Centre,oS0WaJ5v6t4,
Nankumba Health Centre,cnUCvDXttIv,
Nankumba Village Clinic,uBdL7e6dpLV,
Nankwakwala Village Clinic,pmUyaiO2PM2,
Nantchwatchwa Village Clinic,ezse1m5EphW,
NAPHAM Clinic,iQKnRKmqARP,
Naphimba Health Centre,akhqt6Z6B7x,
Naphutu Village Clinic,Zf16iFrryec,
Napweto Village Clinic,MtsXjKrf7dB,
Nasato Village Clinic,WpEyfSlX0yK,
Nasawa Health Centre,RicJ2qmCw3g,
Nasiyaya Village Clinic,PUeBjp1GdCX,
Natambukira Village Clinic,HYlYPbJHUVe,
Nathenje Health Centre,AgYrPo8MW5I,
Nayuchi Health Centre,fwctySB9ovz,
Ndakwela Health Centre,EdY8ZVRq9ST,
Ndala Village Clinic,vVyoQdz6ZiI,
Ndamera Health Centre,pSYB6OucIkn,
Ndanga Village Clinic,N4nMCpGPfsW,
Ndaula Health Centre,Pw6JwUkqdlF,
Ndemange Village Clinic,lkmeBdp6FYl,
Ndinda Dispensary,uYi2L6Go4Qf,
Ndindi Village Clinic,ahH7NoH26CE,
Ndirande BLM,zizB8oIwvOJ,
Ndirande Urban Health Centre,M5ZUfC4v8GV,
Ndirande Village Clinic,QvngLjmiV5e,
Ndomo Village Clinic,WVUQJHSV1vn,
Ndunde Health Centre,YxzE6eiZh7V,
Nengwere Village Clinic,UuSLuozj463,
Neno-DHO,IQCeFVtGUtg,
Neno District Hospital,Rmh4wKR794k,
Neno Parish Health Centre,I4Vox6oteWl,
Newa / Mpasazi Health Centre,XkcRltXu9tK,
New Statehouse Dispensary,s0Wy1UgxpqI,
Ngabu Rural Hospital,r1idesX7bX6,
Ngabu SDA  Clinic,yJV9qRDSt9V,
Ngala Health Centre,tTaiG5Qrcyr,
Ngala Trading Village Clinic,qf8iTplSUCn,
Ngana Health Centre,Cas9rlkSOQn,
Ngapani Health Centre,VWvs8SJXcRe,
Ngatala Village Clinic,tbA7qgUEAIg,
Ngisi Village Clinic,xwfEvKdQMEI,
Ngodzi Health Centre,LTFJhIOv3VP,
Ngokwe Health Centre,UltcvVpNf8r,
Ng’omba Village Clinic,BzEybXZi3Gj,
Ngómbe Village Clinic,t5HFyhqAt81,
Ng'onga Health Centre,CyLPblDfB5N,
Ngongondo Village Clinic,a5ZJ5MaYpKh,
Ngoni Health Centre,U1sHpxxw4WH,
Ngoniwa Village Clinic,rMHhZCoD1U6,
Ngosi Village Clinic,rTo5wq6XXXk,
Ngoya Village Clinic,YhE9MGbSkLi,
Nguludi St Josephs Hospital,jm5VShYSJ35,
Ngwelero Health Centre,grLzTEcg70S,
Ngwezu Village Clinic,IL4LA1RTk5u,
Njahito Village Clinic,TtcIOD7jOKv,
Njakwa Village Clinic,iUdpDZ4xM4a,
Njalaya Nkhunda Village Clinic,I5CcypBCB0x,
Njamba Village Clinic,cqeQwLbTpIU,
Njenjema Village Clinic,yQ3nxHrv5Zg,
Njirambo Village Clinic,WvKQlUMOvNd,
Njobvuyalema Village Clinic,amCZizMZ9B6,
Njobvuyalema Village Clinic,gBIYs556YA2,
Njoka Village Clinic,mT7Z02A1iqA,
Njuyu Health Centre,CZXbHCpGcTW,
Nkalo Health Centre,Phu68UfvSy0,
Nkasala Health Centre,TOHfssdeOr9,
Nkhalango Private Clinic,N4dbtgJAnhw,
Nkhamenya Hospital,QcCfOxMgWJN,
Nkhande Dispensary,cGvhk2ChRaA,
Nkhanga Village Clinic,UxXEOuYxyMv,
Nkhanire Village Clinic,RmII1M4JNBL,
Nkhata-Bay-DHO,P1HnUkQDPw0,
Nkhata Bay District Hospital,Cr4BIZYc1Ks,
Nkhataombere Maternity,cW0qFAm1C3P,
Nkhoma Hospital,wPja49DJa2A,
Nkhorongo Health Centre,dz2aFcg1wHo,
Nkhotakota-DHO,HxjTgTNq2YD,
Nkhotakota District Hospital,eLLoifuK7RA,
Nkhulambe Health Centre,IFWkUcZya9D,
Nkhunga Health Centre,RQX6rnfUsBD,
Nkhwayi Village Clinic,DlQ9JxjLRzz,
Nkhwazi Health Centre,BogAIA30ZjT,
Nkomaula Health Centre,PY3CbMBy53P,
Nkombedzi Health Centre,cjXYVRHJjQn,
Nkope Health Centre,jrlOSjcDYGN,
Nkula Health Centre,cfzBcWqPOoy,
Nkula/Tedzani Clinic,OH6iMGjGTbZ,
Nkula Village Clinic,IE1FXyC7l8X,
Nkunlola Village Clinic,QI32Wbp0xCG,
Nkuta/ Mabanja Village Clinic,vMuI16pild2,
Nogwe Village Clinic,wOM2Ym5V4ZC,
Nomba Village Clinic,efPsnTNGXsV,
North Zone,mPpiH4dNz9C,
NRC,rIFUCMVM6i2,
Nsabwe Dispensary,zUquZgXa6Rm,
Nsambe Sda Health Centre,HxziIaDjatq,
Nsanama Health Centre,DLSIRdTyKv3,
Nsanama Village Clinic,QQ8OKDzwAbG,
Nsanje-DHO,LswTbnG3C0c,
Nsanje District Hospital,tVuIhivYk9N,
Nsanyira Village Clinic,ptxJaRdGNuz,
Nsaru Health Centre,lxulWQBn6fT,
Nselema Village Clinic,XEDLeHOSS3R,
Nsikita Village Clinic,DodCHiy2ek9,
Nsinja Village Clinic,dKx2W0Y7vLt,
Nsipe Health Centre,DZq9bb4C1Jn,
Nsiyaludzu Health Centre,GYlTZXKcHxA,
Nsolomba Village Clinic,rSMmwAF0j0B,
Nsoni Village Clinic,r19BRennBD4,
Ntaja Health Centre,Ybh0Ww4WWVx,
Ntalika Village Clinic,pMoTkpfdS4a,
Ntalika Village Clinic (Namasalima),VGpGQStUNgT,
Ntali Village Clinic,UtF6zkbzSoK,
Ntambo Village Clinic,ZG4w4cexA23,
Ntchathu Village Clinic,EqLBUibdYOp,
Ntcheu-DHO,ENQA7sOVrPw,
Ntcheu District Hospital,irf8hxUohn5,
Ntchisi-DHO,EbpvGZRGG04,
Ntchisi District Hospital,qXwx6gQyNBv,
Nteuka Village Clinic,wTljQDm6SAF,
Nthalire Health Centre,I6ZujG9AVcl,
Nthenda Village Clinic,mU5z4eBnYX8,
Nthenje Dispensary,mEYFrYZrHrN,
Nthenje Village Clinic,qwRLaUCj1Nh,
Ntholowa Health Centre,VSHsslABmXE,
Nthondo Health Centre (Lilongwe),yzgU0YKoHnq,
Nthondo Health Centre (Ntchisi),xQBYdqlCMvU,
Nthunduti Village Clinic,xhUdAiuxEKx,
Nthungwa Health Centre,qXonH3FiBYn,
Ntonya Village Clinic,XbRRSmihBXv,
Ntuluma Village Clinic,WMhlpOqvafl,
Nyalugwe 1 Village Clinic,f0kizkFGPPz,
Nyamanda Pvt Clinic,yqRWtPJP1BG,
Nyambadwe Private Hospital ,CedL5WOqd2I,
Nyambi Health Centre,ZD6zoYO03cf,
Nyamithuthu Health Centre,zCPRlak2MqT,
Nyangu Village Clinic,V2DMaRry6Z8,
Nyungwe Health Centre,xr2MuALneJH,
Nzama Health Centre,xiPaD8Vsm7n,
Ofesi Health Centre,bWYHqt0OcHy,
Old Maula Court Health Centre,W423FAKdyEK,
OPD Family Planning-STI,RaUEU9byQN9,
Paracchute dispensary,Y4g17ECjSHt,
Partners In Hope ClinicDalitso Clinic(private),oAbzoo8jsNn,
Partners In Hope Clinic Moyo Clinic (public),FHaAx124JwD,
Patalawo Village Clinic,RHE2jGzYST9,
Pensulo Health Centre,xN8oZzMyC33,
Peter Mkoola Village Clinic,rKaFRd44p25,
Peter Mwangalawa Village Clinic,vXf71iqRScS,
Phalombe-DHO,A2Kgu7zMgJr,
Phalombe Health Centre,zDFhyylZv3c,
Phalula Health Centre,Xp3wYJuLYue,
Phanga Dispensary,fzNTz7Gcejn,
Phapa Village Clinic,ZhtQEfjYQo2,
Pheruwa Village Clinic,K2yjYWWq636,
Phimbi Health Centre,OmkxKPS11ej,
Phirilongwe Health Centre,IXMfufQaORA,
Phokera Health Centre,t0NplMFqDph,
Phulanya Village Clinic,GSH5Y4d5cLR,
Pim Health Centre,nCX7iqBMNwM,
Pirimiti Health Centre,X3O5uAX04Z9,
Police (Area 30) Dispensary,PbvsqIcWCec,
Police College Dispensary,BVyPLf3Mm43,
Police College Health Centre ,xv1ibnyVokh,
Police Hospital,QwBJxR5kKa1,
Polytechnic Clinic ,nFIyDVJHSgo,
Press Cooperation Clinic,abwaidMcPpQ,
PSI,NGuDniOCUN5,
Puti/Maganga Village Clinic,EtutbSrvwJB,
qech Clinical Support Services,Cv9mzdDWJ4k,
qech Dental Department,ubxoYJhDkDr,
qech Management Department,wJh3Ny3R0Po,
qech Medical Department,hPt56azxpFU,
qech Obs and Gynae Department,Xke4dPY463J,
qech OPD 1,tBhXLxPMBOD,
qech OPD2 Medical,A5YR6UtSBjj,
qech OPD2 Orthopaedic,oZuIxkg7C0R,
qech OPD2 Psychiatry,TCNCk4F4VX1,
qech OPD2 Surgical,SyM5ux0TzS3,
qech OPD 5B Surgical,q3DaJOwBxPf,
qech OPD AETC,gN6tG7ULhnh,
qech OPD ANC High Risk,lxTxltWI6eu,
qech OPD ANC Normal,cbCV5EN7PnP,
qech OPD ARV,abaTNlfKwtt,
qech OPD Breast Clinic,WtCAHogiJnR,
qech OPD Burns,et805Hfs8dy,
qech OPD Cardiac,xrIj3lMiNNJ,
qech OPD Casualty,fOgpW7M2ey1,
qech OPD Dermatology,HF9UXqKC7tB,
qech OPD Diabetes,wFgD3yudD5Y,
qech OPD Dialysis,oeRup3WZS1E,
qech OPD Endoscopy,F5qlYONu4wN,
qech OPD ENT,L5PRL40Pqqi,
qech OPD Family Planning,pGpQScxxvQM,
qech OPD Gynae Clinic,pbQuk5X2tDf,
qech OPD Hypertension,DQDY9fiknXq,
qech OPD Infertility,Vu90ooSrrWf,
qech OPD Obs and Gynae Oncology,OHT7NOPnO6U,
qech OPD Obs and Gynae-STI,Q4L8WFISzEM,
qech OPD Oncology,RgROpL7BXAk,
qech OPD Palliative,buYeED0K3Ys,
qech OPD Staff Clinic,IrGijpfdfvz,
qech OPD STI,II7OxwHx9fm,
qech OPD TB,L7Sg1MAm1Xx,
qech OPD VCT,JYggeWk9J0A,
qech Ophthalmology Department,L3msdyyEwrq,
qech Paediatric Department,v7couup1r8U,
qech Rehabilitation & Palliative,p58inz2GiwQ,
qech Surgical Department,aXdTEa1tZyk,
qech Theatre Burns,WTWwBcqiQzH,
qech Theatre Main,kOFSKDrGGsp,
qech Theatre Maternity,k1MPCU4hAaS,
qech Ward 1A Maternity,Z1m9T6yX2my,
qech Ward 2A General Paying,f0rQCnvLJOd,
qech Ward 2B General Paying,EtpfTQ8bJme,
qech Ward 3A TB,EQRyGxjDJM2,
qech Ward 3B Male Mwdical,ufuvcHqoJD3,
qech Ward 4A Femal Medical,oSrhE4X0hdh,
qech Ward 5A Surgical Male,nyKQ09tjfj1,
qech Ward 5B Surgical Female,FYau2cgge06,
qech Ward 6A Orthopaedic Male,c9xBYvq9QxG,
qech Ward Burns,tiFL7rkZw7r,
qech Ward Dermatology,GL3aROW6LYV,
qech Ward Intesive Care Unit,HSuenHTD9OT,
qech Ward Obs and Gynae,V2BTGkjIaW1,
qech Ward Obs and Gynae Antenatal,HMCZOwbH83q,
qech Ward Obs and Gynae Post Natal 1,lpttEdAkBvF,
qech Ward Obs and Gynae Post Natal 2,rUfcl8HT8tJ,
qech Ward Oncology,uZovOnx641K,
qech Ward Shortstay ,RdGtSTIt6Vh,
Queen Elizaberth Central Hospital,aimBmvkBWy3,
Queen Elizabeth Central Hospital,UAl6raBTebe,
Raiply Clinic,G6HYLoDmHdT,
Raiply Dispensary,uOxLo7wYTRA,
River of Life Clinic,WU9qmsrke3o,
Robeni Village Clinic,yQ96jylCm3I,
Ruarwe Dispensary,kKaGzpI0IKd,
Rumphi-DHO,M8moEd4dNYo,
Rumphi District Hospital,ELlvUH7sci2,
Sachera Village Clinic,eTAQryy4JzB,
Sadibwa Village Clinic,b52rOtWtmld,
Sadi Village Clinic,n1VLSKWs4C0,
Sadzi Health Centre,BuyHhYha5dP,
Sagawa Village Clinic,lLoPEGqz3PS,
Saidi-Mataka Village Clinic,RZhmXpTEMa5,
Saitintonda Village Clinic,xNmbkZ1imXu,
Saititiputipu Village Clinic,CTGDqyvObCj,
Salamba Village Clinic,NzXdtc0DA7o,
Salanje Village Clinic,q9L8O3k2eg6,
Salima-DHO,hQXbPPfQtLy,
Salima District Hospital,D4HrpFEtQRq,
Sambankhanga estate clinic,SykBimJT1V2,
Sangilo Health Centre,r0Elt6wypHg,
Sanjika Clinic,H64Mae6Suyl,
Sankhulani Health Centre,xhQxgh1GSkX,
Santhe Health Centre,B1gKsva7Nw4,
Saopa Village Clinic,CZuq8hFAcgD,
Sapuwa Village Clinic,qXM5fbaTBPJ,
Satemwa Clinic,S0KCNuAkdMR,
Sayenda Village Clinic,q2eiXbEKISt,
Sazola Village Clinic,VLVBIAkmI46,
Senga Bay Baptist Dispensary,ceJLGDr1eVI,
Senzani Health Centre,FWZnvXYdJV6,
Sezu Village Clinic,yOv0brAw8e4,
Shaibu Village Clinic,q2uIwcZTCKH,
Sharpevale Maternity,Wwu7pZG2KuR,
Shasoni Village Clinic,OiajjAXXnx7,
Shifa Private Clinic,CMTihDdVodi,
Sifakado Village Clinic,btunJYe1eLA,
Sila Village Clinic,IharF5IYOH0,
Silu-2 Village Clinic,OqbYAVPWnFx,
Silu Village Clinic,wxJIcqymb0l,
Simlemba Health Centre,xcRa7FraazI,
Simoni Village Clinic,FZc30BvT2Yi,
Sinyala Dispensary,OojoWe533hy,
Sister Teleza Health Centre,QJKJi4blhkg,
Soche Maternity,AiR2MD63tCb,
Soche SDA Dispensary,nKzxabl3RpR,
Sofwe Village Clinic,BxKUxMpSiDI,
Sokola Village Clinic,JYBZUMdg6Ic,
Sokole Village Clinic,rk5fDZAfwWG,
Sompho Village Clinic,ZkHrvSDIK33,
Songamino Village Clinic,Fk0AZFmgbfb,
Sorgin Health Centre,tWHl2Y9tGSe,
Sos Childrens Village Blantyre ,rrTE8OcL49T,
SOS Clinic,qJRzJoylexL,
Sosola Village Clinic,bK7RwLVCLO3,
South East Zone,yeGIr7J6nX7,
South Lunzu Health Centre,OJhXyqgy2Qm,
South West Zone,X10UsRjL1l0,
Sr Marthas Health Centre,hwx0GuqLuBN,
Ssh Clinic,u9OaAjL9cih,
St Andrews Community Hospital,WEXi1SR3Ps6,
St Annes Health Centre,fA5VQVs3L2A,
St. Annes Mission Hospital,pqKNCtpevif,
St Annies Village Clinic,w3WG1xbx2Yj,
State House Dispensary,CKRqkhgVqwJ,
St Austin Village Clinic,Ewvy9fHk9qg,
St Gabriels Hospital,M438IpmrFy5,
St Johns Mzuzu Hospital,DJ8gHyjgiVL,
St Johns of God Mental Hospital,Q9p5l8Liv8c,
St Josephs Mitengo Health Centre,plC4nwLdlbf,
St Lukes Hospital,rohhSzKgCbr,
St Martin Hospital,RfcuOXpbcam,
St Martins Molere Health Centre,POK4qrJEUda,
St Montfort Hospital,a8NecI8jzqL,
St Patricks Rumphi Health Centre,F5rBhJR8YzL,
St Peters Hospital,rLCi8itMAng,
St Peters (Likoma) Rural Hospital,CsyzgID0Nif,
St Vincent Health CentreChadzunda,q4hK217Rtbr,
Sukasanje Health Centre,pix1qzSosTb,
Supuni Village Clinic,lI2F17oQTo0,
Suweni Village Clinic,sZIIj3ThSds,
Tabwa Village Clinic,gqfXCZ4N5wk,
Tachira Private Clinic ,PEHVxojxzOF,
Taliya Village Clinic,NrxCmuykPGs,
Tambala Village ,I2NRtk3h0LU,
Tambala Village Clinic,klLWHNwwShb,
Tandauko Village Clinic,BByfNIT720f,
Tcharo Dispensary,BU7rorTM59N,
Tedzani Clinic,PfE0xKirf0K,
Tedzani Escom Clinic,sKN6JyTFe9M,
Tembwe Health Centre,tfkK9FkHh3n,
Tengani Health Centre,O4OnTZDe6YW,
Tengani Village Clinic,UI4Lby09Hws,
Test_District,rIpl9CA3aPm,
test Dowa,P6nGnYB9bsp,
test Kasungu,fUp1N3DQwu0,
test Ntchisi,Gh0UACPnJ2l,
Test_Zone,JlMo0VGJLA3,
Thabwani Village Clinic,EsFh43lDvbu,
Thambani Health Centre,OfoB1qVuiwI,
Thangata Village Clinic,Qq26RthSrFg,
Thavite Health Centre,or37YlPVkxQ,
Thawiro Village Clinic,xRXGSnovdM0,
Thekerani Rural Hospital,INxuyEdPFCm,
Thembe Dispensary,Y06YIhXv9wY,
Thendo Village Clinic,MtU2sbewrUp,
Therere Village Clinic,VieZrqCiWbp,
Thimu Village Clinic,AVIOZbpBxCK,
Thofu Village Clinic,J44JU3oJF4p,
Thomas Health Centre,TKKQUXqRrrr,
Thomu Village Clinic,f4QHVaka4Rn,
Thondwe Dispensary,WSD1egGlSlf,
Thonje Health Centre,V75SGRWLZNR,
Thopa Village Clinic,Ygstk8WJAk1,
Thuchila Health Centre,xIfDdYzRS5G,
Thumbi Village Clinic,mipI5X8RVZc,
Thumbwe Health Centre,tlDXiuRLOpw,
Thumu Village Clinic,aBJVlUh9mUu,
Thunduwike Health Centre,O6DhPzoQAUm,
Thunga Health Centre,RCNInuIslmh,
Thyolo-DHO,gd6cNp4HjsE,
Thyolo District Hospital,Obpw5vLlCtg,
Tilora Village Clinic,HDwHUtYpv0C,
Tiyese Private Maternity ,lrb5YjvXHcf,
Tofutofu Village Clinic,mook7aJ2Gww,
Tomali Village Clinic,mKtd2JOhDc6,
Tonkhwe Village Clinic,KHJjPE2OlzI,
Tothoro (Mangwere) Village Clinic,NtF0VR9epJk,
Trinity - Fatima Hospital,iRQXiwCxsE8,
Tsangano Dispensary,rLjop5TPyxt,
Tsoyo Maternity,NZE1wxbWvTa,
Tukombo Health Centre,WzvT614Stek,
Tukululu Village Clinic,x9l16ctYqhE,
Tukulu Village Clinic,KiYjrdrrxEY,
Tukuyu Village Clinic,CvZPKYgNEUQ,
Tulonkhondo Health Centre,UDVA59g76b9,
Ukwe Health Centre,Q8nVnVo1NOY,
Ulaha Village Clinic,ihPEy29FgdQ,
Ulaya Village Clinic,b17OvfJgAOW,
Ulaya Village Clinic,jtukH4pPXpM,
Ulongwe Health Centre,GlTM0PVLNMX,
Umunthu Foundation,S9hz5mgJUjI,
UNC,vaCqY6Cv5G4,
Unilever South East Company Clinic,m6YZsECSfOK,
United Bus Company Clinic,FPRoiJAvYTh,
Usisya Health Centre,Wh3m13Uzsn7,
Utale 1 Health Centre,uKJ1hfxCykV,
Utale 2 Health Centre,cPO0zV087kQ,
Vibangalala Dispensary,BtjLFnqUPEj,
Vilauli Village Clinic ,pPCcXz0oLku,
Vongo Village Clinic,m2EgrVTDle1,
Vunganthenga Village Clinic,pbEp7LVzhdQ,
Vuwa Village Clinic,hR1k1SYSqB5,
Wadikanga Village Clinic,FOCMQpFfrYB,
Walamba Village Clinic,dbpj48msMXj,
Wanama Village Clinic,il2DOJdHow2,
Ward Obs and Gynae Labour,rUlcjeECGXJ,
Waruma Health Post,uBmhSlPGXCC,
Wasili Village Clinic,cGVhN5krGXZ,
Wasi Village Clinic,fDBLHtFyuxc,
Welusi Village Clinic,CnJZmSI2iio,
Wenya Health Centre,M7TlHaVIPLz,
Wezi Medical Centre ,yr54vCUBTIZ,
Wiliro Health Centre,kUmwU0N12O7,
Wimbe Health Centre,bPKUlNCxhvT,
Wolewole Village Clinic,WHSH9dZgwT7,
World Medical Fund ,bLAoLBIwbSn,
Wovwe Village Clinic,tQlj3gKSZXJ,
Yalema Village Clinic,nDOm00jeFcy,
Zabira Village Clinic,sZHaAUeGg1G,
Zalengera Village Clinic,RnkZuRNZuKP,
Zalera Village Clinic,grEe1F2MuAl,
zalewa Dispensary,NW5K84KJ4xp,
Zambwe Village Clinic,x09fQyFJRlu,
Zaro Village Clinic,OfBNJl6Qal0,
Zilindo Health Centre,P3bvgqs7mIQ,
Zilipaine Village Clinic,AZPEFBXBHSK,
Zimbayuda Village Clinic,itGfSjmx4pH,
Zindili Village Clinic,zgOYv3spxfq,
Zingwala Village Clinic,xk2EAlSt2Y2,
Zingwangwa BLM Clinic,g9d246Hnb7w,
Zingwangwa Urban Health Centre,gTkYqxfVTM0,
Zoa Dispensary,i6PjWckrs7y,
Zoa Health Centre,iaUfnrbzQ9d,
Zomba Central Hospital,uJG4WFdUJSv,
Zomba-DHO,hrbAl7aUBwV,
Zomba Mental Hospital,S1l6Df6SvLL,
Zomba Prison Dispensary,A8FCrw9vdEI,
Zumulu Village Clinic,shjCmO7kNa0,
Chilumba Barracks Clinic,Z6krawIPDu7,
St Anne's Health Centre,fA5VQVs3L2A,
Atupele Health Centre,WZ18joAt6xW,
Katowo Health Centre,TgIZdG9r95r,
St John's Mission Hospital,DJ8gHyjgiVL,
Mzuzu Health Centre,cQ41y2ym2RV,
Engucwini Health Post,Tt5yMX4YCYJ,
Mzambazi Community Hospital,L0obMixrYsw,
Enukweni Mission Health Centre,nmptn9bUYXv,
Embangweni Mission Hospital,ySElKKfe6yc,
Katete Community Hospital,YABJoiuXQMB,
Euthini Community Hospital,a7zgH8mf2GX,
St Peters Mission Hospital,rLCi8itMAng,
Dwangwa Cane Growers Association Clinic,w6VRxc89b5K,
Kasitu Health Centre,qX2CrzT4TL1,
Chididi Health Centre Nkhotakota,RViCF6QIybs,
Nkhamenya Community Hospital,QcCfOxMgWJN,
St Andrews Clinic,WEXi1SR3Ps6,
Mpepa Health Centre,GJhhq8K1EBF,
Ofesi Dispensary,bWYHqt0OcHy,
Gogode Dispensary,HcsIEmls8R2,
Mkhota Rural Growth Health Centre,F17kSj3t4iD,
Mdunga Health Centre,H3xKaK0d3or,
Kasalika Health Centre,TrYObnlA8UT,
Chinguluwe Health Centre Ntchisi,Pl1TeNOgCAr,
Malambo St Theresa Health Centre,kcEdNoW9QOb,
Mtengowanthenga Community Hospital,Mtengowanthenga Hospital,
Madisi Mission Hospital,g9wv1lKcdzp,
Dzaleka Health Centre,b1RogeavIPD,
Mvera Army Camp,aockNsOfjIt,
Mvera Mission Hospital,QKnbzIuwFb6,
Nalunga Mafika Health Centre,jcUguNrYDmp,
Life Line Salima Health Centre,IxcEPNvhmZx,
Chagunda Health Centre,fe9EboFXU0V,
Nkhatabay District Hospital,Cr4BIZYc1Ks,
Nthenje Dispensary,mEYFrYZrHrN,
Manolo Health Centre,YpAyWUsXP6l,
St Andrews Clinic,WEXi1SR3Ps6,
Kasese Health Centre,JX6hyvnBrlF,
Mvera Mission Hospital,QKnbzIuwFb6,
Nalunga Mafika Health Centre,jcUguNrYDmp,
Senga Bay Baptist Medical Clinic,ceJLGDr1eVI,
Chinguluwe Health Centre Salima,EiQqa3YIjqD,
Kamuzu Barracks,P6q5ZIrXGAM,
Likuni Mission Hospital,JquLSZgkHQ8,
St Gabriel Mission Hospital,M438IpmrFy5,
Mitundu Community Hospital,aVmCsQGN0r1,
Area 18 Health Centre,h2ls2FUTYDc,
Mlale Mission Hospital,vlaK6dtRhxj,
Area 25 Health Centre,mFfOvxjq4y2,
African Bible College Clinic,zYfP0gkHRJH,
Kawale Health Centre,d1WQftQ87x3,
Nkhoma Mission Hospital,wPja49DJa2A,
Partners In Hope Clinic Dalitso Clinic (private),oAbzoo8jsNn,
Chileka Health Centre Lilongwe Static Art Static Art,iiBtWzxLMUo,
Daeyang Luke Hospital Public,LKsJWFXsxOB,
Kang'oma Health Centre,o1ZjuUmv5aQ,
Chikowa Health Centre Lilongwe,TJjz5jiFlqF,
Nthondo Health Centre Lilongwe,yzgU0YKoHnq,
Ming'ongo Health Centre,MCQRoU5bKZ7,
New State House Dispensary,s0Wy1UgxpqI,
Nkhalango Clinic,N4dbtgJAnhw,
Achikondi Women Community Friendly Services Clinic,q9qra0ng8xZ,
Adventist Health Centre Lilongwe,E3kLgwow7On,
Malembo Health Centre Lilongwe,tOaGG2xPLDm,
Auction Holdings Limited Clinic Kanengo,RpvcgQPC14I,
Kochilira Health Centre,sxgy4P0oUli,
Gumba Health Centre,qUpaRCpnoux,
Lobi Rural Hospital,yEDgnTigUVO,
Mganja Health Centre,qb1Mj9bHSca,
Sister Theresa Community Hospital Mikoke,QJKJi4blhkg,
Gowa Heath Centre,LDtggHdyRks,
Manjawira Maternity,FPDJqyOOb4I,
St Joseph Mission Hospital Nguludi,jm5VShYSJ35,
Akasale Private Cinic,qNuRHXJ2P3m,
Mlambe Mission Hospital,cmCppSqIlzN,
Ndirande Health Centre,M5ZUfC4v8GV,
Carlsberg / Sobo Clinic Blantyre,Lx9CrjbHms2,
Polytechnic Blantyre,nFIyDVJHSgo,
Chileka Health Centre Blantyre,OXaQtzbzMoy,
Limbe Leaf Tobacco Clinic Limbe,inRBKdag7Vs,
Chikowa Health Centre,fwew5LFgo0P,
Zingwangwa Health Centre,gTkYqxfVTM0,
St Vincent Health Centre Chadzunda,q4hK217Rtbr,
Lumbira / Mitsidi Health Centre,xEhYcXNLUVr,
Kanjedza Police Clinic,Phf46V2Gghq,
Makhetha Clinic,tCNxro4FiTA,
Mpingo Maternity,WaVNBxhEraz,
Moyo Private Clinic,LGJ7Iyq5M8U,
Bangwe Madina Health Centre,Z4phqEA2Pcr,
Malamulo Mission Hospital,UKeSrLQeuCm,
Makungwa Health Centre,q3B88KiRZ72,
Thekerani Health Centre,INxuyEdPFCm,
Gombe Health Centre,fCCBqUju3Q4,
Hallena Oakley Ntambanyama Health Centre,v6gj70cBiQE,
Mapanga Maternity,XrE6S137IUq,
Mianga Health Centre,oXXbb8WAC4h,
Mitengo Health Centre St Joseph,plC4nwLdlbf,
Ngabu Sda Health Centre,yJV9qRDSt9V,
Lengwe Health Centre,nXFq0fzH08I,
"Kalulu Health Centre, Chikwawa",a8NnsOmXWK7,
Mwanza Clinic Area 3,dviOrlXivOL,
Majete (epicenter) Health Centre,HHK489bchmI,
Trinity Mission Hospital,iRQXiwCxsE8,
Kalemba Community Hospital,OyDhmxtA7nb,
Chididi Health Centre Nsanje,WG3SI4hkJFF,
Lisungwi Community Hospital,jBJ1nrUXKIu,
Ligowe Health Centre,gA0WGnhCnYt,
Midzemba Health Centre,zq5yo5iRvsL,
St Martins Mission Hospital,RfcuOXpbcam,
Chilipa Health Centre Mangochi,fwUSM7rJllv,
Malombe Health Centre,n9kEwAvGSIu,
Sinyala Health Centre,OojoWe533hy,
Malembo Health Centre Mangochi,UKbySUaELNM,
Chiunda Health Centre,y87TEluIKWT,
Chiponde Health Centre,VphQvehsaVR,
Kawinga Health Centre,ozdBwLyST0J,
St Lukes Mission Hospital,rohhSzKgCbr,
Matawale Health Centre,yREVcFcXe3h,
Chilipa Health Centre Zomba,biJPVK5IRJn,
Namasalima Health Centre Zomba,mR7n2aiuf2m,
Changalume Barracks Clinic,lOis6dAt7D0,
Namadidi Health Centre,bHXisKRaXOR,
Namasalima Health Centre Mulanje,asiPyqS8rHs,
Chonde Health Centre,TusMbw27jzb,
Dzenje Maternity,nMp06ehwoOX,
Phalombe Mission Hospital Holy Family,m03CECb09qZ,
Nazombe Health Centre (gogo Nazombe),cTMzhKP8OCf,
Mulungu Alinafe Clinic,YpOsxnyWD67,
Chiringa Cham Health Centre,pmteRCqzbeC,
Kalembo Health Centre,KNQ4RzNnZ6v,
Comfort Clinic,JaTdpYBBV5m,
Balaka DHO Pharmacy,qubeTudDNSC,
Chiendausiku Health Centre,HrQHweMv09u,
Namdumbo Health Centre,tVpkUqyzg60,
Utale 2 Health centre,cPO0zV087kQ,
Blantyre DHO Pharmacy,FEGZA6BEAjj,
Chavala Health Centre,grfnmKmWiJ9,
Chileka SDA Health Centre,v0GaaWRKm61,
Chirimba Health Centre,tDldFfYwnS1,
Kadidi Health Centre,cLY2A4m8Jn0,
Lumbira / Mitsidi Health centre,xEhYcXNLUVr,
Makata Health Centre,eZfOjVQcd0e,
Malabada Health centre,SsBkD3XDOD7,
Mbayani Health Centre Health Centre,ojywW0LnOe6,
Namikoko Health Centre,sTjTxJqSCWE,
Queen Elizabeth Central Hospital Pharmacy,aimBmvkBWy3,
Soche Maternity Health Centre,AiR2MD63tCb,
St Vincent Health Centre Chadzunda,q4hK217Rtbr,
Bereu Health Centre,FO0kNPmm5E9,
Chikwawa DHO Pharmacy,GeGgihdOJ2p,
Chithumba Health Centre,KkApQFpVIaQ,
Hunger Clinic,HHK489bchmI,
Mapelera Health Centre,NlBOlQkhfk5,
Ndakwera Health Centre,EdY8ZVRq9ST,
Ngabu Rural/ Community Hospital,r1idesX7bX6,
Ngabu SDA Health Centre,yJV9qRDSt9V,
Bilal Clinic,KxcbdpaFBia,
Chimwawa,IeJAi0sDcso,
Chiradzulu DHO Pharmacy,CtdWtNCPRNh,
Malavi Dispensary,GDO5TltYc4b,
Mbulumbuzi Health Centre,SrQ8y7MhCE6,
PIM Health Centre,nCX7iqBMNwM,
Chitipa DHO Pharmacy,cd0I6ndBMrT,
Kaseye Health Centre,mTqGek9GBbM,
Msumbe Health Center Health Centre,hLuqNN1enth,
Chiphwanya St Joseph Health Centre,WiVCsIgUw2D,
Chongoni College of Forestry Dispensary,LkjXIWw5W9v,
Dedza DHO Pharmacy,MhcRPWjeguM,
Kachindamoto Health Centre,UoujHkWWWBq,
Kafere Health Centre,LgvOkReAslr,
Mdeza Health Centre,jJwUNjSxgTS,
Mikondo Health Centre,fQgxgDx2iHA,
Mjini Health Centre,QRur3iZGQxE,
Mlangali Health Centre,a6eACcAs40A,
Mtendere Hospital,r0KnLCBcTr3,
Mua Hospital,niNbaFnNCgp,
Tsoyo Dispensary,NZE1wxbWvTa,
Chezi Mission Hospital,salIVfMt9RA,
Dowa DHO Pharmacy,S4Lr8zJqfHx,
Mponela Rural/ Community Hospital,ueVjB10KIyz,
Mtengowanthenga CHAM Facility,s79dCXbcoCA,
Mvera Support Battalion Health Centre,aockNsOfjIt,
Atupele Hospital,WZ18joAt6xW,
Chilumba Rural/ Community Hospital,uHPXBdcz85N,
Hara Health Centre,T13U7sHC0v2,
Kaporo Rural/ Community Hospital,mqNSnMB7fgW,
Karonga DHO Pharmacy,WVBSPqTMrPP,
Mlare Health Centre,vlaK6dtRhxj,
Sangiro Health Centre,r0Elt6wypHg,
St. Anne's Health Centre,fA5VQVs3L2A,
Anchor Farm Health Centre,lXEN2NtidAc,
Chamama Health Centre,LmCUb5UShy6,
Chamwabvi Health Centre,nN7JVSObAf7,
Bua Health Centre,T118NxiYoIL,
Dwangwa Dispensary,n89uKexauZq,
Kaluluma Rural/ Community Hospital,BOEaJ4eqVC9,
kasalika Health Centre,TrYObnlA8UT,
Kasungu DHO Pharmacy,QWwg51OvU0a,
Mkhota Health Centre,F17kSj3t4iD,
Newa Health Centre,XkcRltXu9tK,
St. Andrews Health Centre,WEXi1SR3Ps6,
Area 25 BLM Clinic,CbwhI6UruPB,
BLM Falls CLINIC,vYMYW6T4t1J,
Bunda College Health Centre,sTbvB4c8oX1,
Chilobwe/Majiga Health Centre,Xx5fmiIR0fW,
Chimwala Health Centre,REoFvVbcLG0,
Diamphwi Health Centre,BWBOtEvaMkr,
Diamphwi Health Centre,BWBOtEvaMkr,
Fidelity Private,G1n34alnula,
Kabudula Rural/ Community Hospital,O6y74hiWU9z,
Kamuzu Barracks Health Centre,P6q5ZIrXGAM,
Kamuzu Central Hospital Pharmacy,RY0I8Ha0azq,
Lilongwe City Assembly Chinsapo Clinic,m6bNWBsRDsi,
Lilongwe DHO Pharmacy,MDkBXGJ5CyR,
M'bang'ombe I Health Centre,AsETHxlmpIL,
Macro Lilongwe Clinic Health Centre,dLEhItCFbai,
Maula Prison Static Art Health Centre,sPwxCzvUtia,
Ming'ong'o Health Centre,MCQRoU5bKZ7,
Mitundu Rural/ Community Hospital,aVmCsQGN0r1,
Mlodza Health Centre,HYVLnrx75IO,
Mwayi Clinic,i14i0hgyT2B,
Nambuma Hospital,qlkyWX9EEaw,
New State House Clinic,s0Wy1UgxpqI,
NRC Clinic,rIFUCMVM6i2,
Nyamanda Clinic,yqRWtPJP1BG,
Tachira Clinic,PEHVxojxzOF,
UNC project NGO,vaCqY6Cv5G4,
Chamba Dispensary,T9SOI57r1OF,
Machinga DHO Pharmacy,o7sh3DOqth2,
Mbonechela Dispensary,iTzui2UcI8o,
Mlomba Dispensary,OUiAuB0Uc7D,
Nthorowa Health Centre,VSHsslABmXE,
Assalaam Clinic,e1iVoquOKVT,
Chikole Health Centre,KjntOeutm1x,
Chilonga Health care Health Centre,Px30WvhGQQf,
Chiponde Dispensary,VphQvehsaVR,
Iba Health Centre,FZw4GOFV5X0,
Kadango Health Centre,IRP5VaILlSr,
Kapire Dream Centre Health Centre,TZ4Ea3gK3yA,
Mama Khadija Private Clinic Namwera,xdPgIAQLQ6L,
Mangochi DHO Pharmacy,RBK39eC5LuY,
Monkeybay Rural/ Community Hospital,rJjuBGDDPrG,
Mtimabi Health Centre,U0L0TzkTg4Y,
Namwera Rural/ Community Hospital,SjXKV0RvdBG,
Ngapani Clinic,VWvs8SJXcRe,
Sister Martha Health Centre,hwx0GuqLuBN,
St. Martins Hospital,RfcuOXpbcam,
Chiosya Health Centre,RNuiMEnAfC1,
Guillime Hospital,oT0jXXNSmag,
Gumba Health Post Health Centre,qUpaRCpnoux,
Kazyozyo Health Centre,q4bVkSStlsm,
Kochilira Rural/ Community Hospital,sxgy4P0oUli,
Ludzi St Josephs,L42aUTBuigK,
Mchinji DHO Pharmacy,UeDRejssxJd,
Dzenje Health Centre,nMp06ehwoOX,
Lujeri Clinic,QmGoFNWfUFa,
Mkomaula Health Centre,PY3CbMBy53P,
Mulanje DHO Pharmacy,rUBJcTYUnAE,
Muloza Heath Centre Health Centre,P5U57FLrPxL,
Thembe Health Centre,Y06YIhXv9wY,
Mwanza DHO Pharmacy,VbGP71DRL3K,
Engucwini Health Centre,Tt5yMX4YCYJ,
Luvwere Health Centre,qY3GH22ifOb,
Malidade Health Centre,BvmZAEbFgHw,
Matuli Health Centre,WIiA3ENQI5A,
Mzimba North DHO Pharmacy,Zmhvihfvanx,
Mzuzu Central Hospital Pharmacy,EQg6N2v2TXj,
St. Johns Hospital,DJ8gHyjgiVL,
Edingeni Health Centre,gWTmNAQxkV8,
Ehehieni Dispensary,RdbkvuyiIKf,
Euthini Rural/ Community Hospital,a7zgH8mf2GX,
Katete Hospital,YABJoiuXQMB,
Luwelezi Health Centre,upbCscjsSDs,
Mabiri Health Centre,vv5AP3nMhAz,
Mzambazi Hospital,L0obMixrYsw,
Mzimba South DHO Pharmacy,PoWQdy5S9Xi,
Lisungwi Rural/ Community Hospital,jBJ1nrUXKIu,
Magaleta Health Centre,NFqFeBSH2Re,
Matandani Health Centre (CHAM),JKAFWLrwdji,
Matope Health Centre (CHAM),GjNQ12Y2l0F,
Neno DHO Pharmacy,IQCeFVtGUtg,
Neno Parish Health Centre (CHAM),I4Vox6oteWl,
Nkula Clinic,OH6iMGjGTbZ,
Nsambe Health Centre (CHAM),HxziIaDjatq,
Chintcheche Rural/ Community Hospital,jkmHTPe5MLQ,
Kavuzi Clinic,g7LNUVG1pQA,
Mwaya Health Centre,aqRm9wq0aIA,
Nkhata Bay DHO Pharmacy,P1HnUkQDPw0,
Ruarwe Health Centre,kKaGzpI0IKd,
St Mary's / Chizumulu Health Centre,XXjX57Xslam,
Tchesamu Health Centre,zxDIIqsUrk8,
Alinafe Hospital,Y46sxDDIkfz,
Dwambazi Rural/ Community Hospital,GFQSwXAzql8,
Dwangwa Cane Growers Limited Clinic,w6VRxc89b5K,
Katimbira Health Centre,Fz0tDlXVsn3,
Kawongozi Health Centre,eK4PmFIrpY5,
Matiki Clinic,bfDs0dTM81U,
Mwansambo Health Centre,Rf1rrKDqc9l,
Nkhotakota DHO Pharmacy,HxjTgTNq2YD,
World Medical Fund Clinic,bLAoLBIwbSn,
Kalemba Hospital,OyDhmxtA7nb,
Nsanje DHO Pharmacy,LswTbnG3C0c,
Trinity Hospital,iRQXiwCxsE8,
Bilila Health Centre,pPHM09AVDAS,
Biliwiri Health Centre,K9CYAs4mo5E,
Chiole Health Centre,jnrlLIULfCR,
Doviko Health Centre,kG4jZtoHH8f,
Dzunje Health Centre,mxlb6XxX6cp,
Ganya Health Centre,eWHvY4VmR4R,
Kandeu Health Centre,QIjZYskL19K,
Lake View Health Centre,s0oVNR4X97p,
Manjawira Health Centre,FPDJqyOOb4I,
Mphepozinayi Health Centre,D2lOPiKippv,
Muluma Health Centre,jHjfJQsvt47,
Ntcheu DHO Pharmacy,ENQA7sOVrPw,
Phanga Health Centre,fzNTz7Gcejn,
Sharpe Valley Health Centre,Wwu7pZG2KuR,
Sister Theresa Mikoke Hospital,QJKJi4blhkg,
Tsangano Health Centre,rLjop5TPyxt,
Mndinda Health Centre,uYi2L6Go4Qf,
Ntchisi DHO Pharmacy,EbpvGZRGG04,
Chiringa Cham Health Centre,pmteRCqzbeC,
Chiringa Maternity Health Centre,sqMFC2sNuGZ,
Kalinde Health Centre,uzaw4ubBdwd,
Nazombe (GoGo) Health Centre,cTMzhKP8OCf,
Phalombe DHO Pharmacy,A2Kgu7zMgJr,
Phalombe Mission Holy Family Hospital,m03CECb09qZ,
Bolero Rural/ Community Hospital,Oc3g2Wv2s5M,
Chisimuka Health Centre,AMklHWTt6sX,
Katowo Rular/ Community Hospital,TgIZdG9r95r,
Mhuju Rural/ Community Hospital,QrpvZldV7rA,
Mphompha Health Centre,hS2sYnTQbU3,
Nthenje Health Centre,mEYFrYZrHrN,
Rumphi DHO Pharmacy,M8moEd4dNYo,
Tcharo Health Center,BU7rorTM59N,
Katawa Clinic,vvgvKSNrelJ,
Lifuwu Health Centre,BFn8OYQ5lyA,
MAFCO Health Centre,ael27YuIvji,
Makioni Health Centre,H37Fo6H2Roi,
Parachute Battalion Clinic,Y4g17ECjSHt,
Salima DHO Pharmacy,hQXbPPfQtLy,
Bvumbwe Makungwa Health Centre Health Centre,c2h7xIrYLsw,
Chingazi Hospital,mTERmNgVCmE,
Malamulo Health Centre,UkeSrLQeuCm,
Mapanga Clinic,XrE6S137IUq,
St Joseph Mitengo Health Centre,plC4nwLdlbf,
St. Hellena Oakley (Ntambanyama) Health Centre,v6gj70cBiQE,
Thekerani Rural/ Community Hospital,InxuyEdPFCm,
Thomasi Health Centre,TKKQUXqRrrr,
Thyolo DHO Pharmacy,gd6cNp4HjsE,
Airwing Clinic Health Centre,V7m6S5TIpqf,
Chancellor College Clinic Health Centre,xt7sSjNqHjP,
Changalume Barracks Health Centre,lOis6dAt7D0,
Cobbe Barracks Health Centre,rzzi29nBvbs,
Domasi Rural/ Community Hospital,U0YwDhBOZeY,
H Parker Sharp Health Centre,KhuXq8PnptT,
M'mambo Health Centre,PFhr83vxGgZ,
Namadidi clinic Health Centre,bHXisKRaXOR,
Namikango Maternity Health Centre,AWytIG2qdwP,
Ngwelelo Health Centre,grLzTEcg70S,
Pirimiti Hospital,X3O5uAX04Z9,
St. Lukes Hospital,rohhSzKgCbr,
Thondwe Health Centre,WSD1egGlSlf,
Zomba Central Prison Clinic Health Centre,A8FCrw9vdEI,
Zomba DHO Pharmacy,hrbAl7aUBwV,
Makhetha Clinic Health Centre,tCNxro4FiTA,
Sucoma Clinic Illovo,qhmT1RSZunv,
St. Joseph Health Centre,jm5VShYSJ35,
Chisansu Health Centre,u57H3XRjoRa,
Police College Mua Health Centre,Fo4Nu1Khoqq,
St Gabriel Hospital,M438IpmrFy5,
Madina Mobile Clinic,NTDKX0ejDoi,
St. Annes Hospital,pqKNCtpevif,
Chikowa -NU036 Health Centre,fwew5LFgo0P,
Chamba Health Centre,T9SOI57r1OF,
Police College Hospital,QwBJxR5kKa1,
St. Lukes Hospital,rohhSzKgCbr,
State House Clinic Health Centre,CKRqkhgVqwJ,
Chimatiro Health Centre,Qt4jxB7puZZ,
Chilaweni,WehVfN1t0Aa,
Chileka SDA Health Centre,v0GaaWRKm61,
St. Faith Health Centre,TfUBwEL4ESW,
Child Legacy Health Centre,jg1ZTgMBMGt,
Katchale Health Centre,SUO29yrjbH4,
KHAMA Health Centre,x647VZUetKI,
Lilongwe Airbase Health Centre,V7m6S5TIpqf,
MPC Bwaila ART CLINIC Health Centre,zpInaIow7TF,
Sunrise Clinic,hyQSe6rVikw,
Theatre For ChangeClinic,G5c744Vg7aq,
Ekwayiweni Health Centre,AlGl0pjBwFS,
Padley Pio Health Centre,ZqRS6PkibPM,
Zalewa Dapp (dapp Hope) Clinic,NW5K84KJ4xp,
Kawalazi Plantation Clinic,UT6ad8gmKjC,
Maula Health Centre,W423FAKdyEK,
Kapili Health Centre,sQnNX5Nbvu7,
Nkhwayi Health Centre,tRNfX43j5Mv,
David Gordon Memorial Hospital,Jkj2HAJ5db9,
Maere Health Centre,mmyOCoj42DP,
Mikuyu Adult Clinic,yuC98hzOJTH,
Mikuyu Young Clinic,TCQVqqZMDUA,
Vizara Plantation Clinic,duwtTjuHUih,
Dzimbiri (DiDi) Health Centre,AkP3EOq0hGk,
LL1540,yzgU0YKoHnq,Nthondo Health Centre Lilongwe
NS1211,xQBYdqlCMvU,Nthondo Health Centre (Ntchisi)
ZA2703,biJPVK5IRJn,Chilipa Health Centre Zomba
MH2502,fwUSM7rJllv,Chilipa Health Centre (Mangochi)
MJ3215,asiPyqS8rHs,Namasalima Health Centre (Mulanje)
ZA2714,mR7n2aiuf2m,Namasalima Health Centre (Zomba)
KK1103,RViCF6QIybs,Chididi Health Centre Nkhotakota
NJ3401,WG3SI4hkJFF,Chididi Health Centre Nsanje
NS1201,Pl1TeNOgCAr,Chinguluwe Health Centre (Ntchisi)
SA1401,EiQqa3YIjqD,Chinguluwe Health Centre (Salima)
